,claude,gpt4o
0,"Make sure your 手 is as relaxed as possible while still hitting all the 音符 correctly - also try not to make much extraneous 动作 with your 手指. This 方法, you will tire yourself out as little as possible. Remember there's no 需要 to hit the 琴键 with a 很多 力 for extra 音量 like on the 钢琴. On the 手风琴, to get extra 音量, you use the 风箱 with more 压力 or 速度.","Ensure your 手 is as relaxed as possible while still hitting all the 音符 correctly - also try not to make much extraneous 动作 with your 手指. This 这样, you will tire yourself out as little as possible. Remember there's no 需要 to hit the 琴键 with a  lot of 力 for extra 音量 like on the 钢琴. On the 手风琴, to get extra 音量, you use the 风箱 with more 力 or 速度."
1,"Make sure your 手 is as relaxed as possible while still hitting all the 音符 correctly - also try not to make much extraneous 动作 with your 手指. This 这样, you will tire yourself out as little as possible. Remember there's no 需要 to hit the 琴键 with a 很多 力 for extra 音量 like on the 钢琴. On the 手风琴, to get extra 音量, you use the 风箱 with more 力 or 速度.","Make sure your 手 is as relaxed as possible while still hitting all the 音符 correctly - also try not to make much extraneous 动作 with your 手指. This 这样, you will tire yourself out as little as possible. Remember there's no 需要 to hit the 琴键 with a  lot of 力 for extra 音量 like on the 钢琴. On the 手风琴, to get extra 音量, you use the 风箱 with more 压力 or 速度."
2,"One of the most common 问题 when trying to convert a 电影 to DVD 格式 is the 过度扫描. Most 电视节目 are made in a 方式 to please the general 大众. For that 原因, 一切 you see on the 电视 had the 边框 cut, 顶部, 底部 and 侧边. This is made to ensure that the 图像 covers the whole 屏幕. That is called 过度扫描. Unfortunately, when you make a DVD, it's 边框 will most likely be cut too, and if the 视频 had 字幕 too close to the bottom, they won't be fully shown.","One of the most common 格式时，最常见的问题之一是过度扫描。 when trying to convert a 电影 to DVD 格式时，最常见的问题之一是过度扫描。 is the 过度扫描。 Most 大多数电视节目都是为娱乐大众而制作的。 are made in a 大多数电视节目都是为娱乐大众而制作的。 to please the general 大多数电视节目都是为娱乐大众而制作的。 For that 大多数电视节目都是为娱乐大众而制作的。， 出于该原因，你在电视上看到的画面边框，包括顶部、底部和侧边，都被裁剪了。 you see on the 大多数电视节目都是为娱乐大众而制作的。 had the 边框 cut, 顶部、底部和侧边。 This is made to ensure that the 图像 covers the whole 屏幕。 That is called 过度扫描。 遗憾的是，当你制作 DVD, it's 边框 will most likely be cut too, and if the 视频 had 字幕 too close to the 底部，那么字幕也会显示不完整。"
3,"One of the most common 问题 when trying to convert a 电影 to DVD 格式 is the 过度扫描. Most 电视节目 are made in a 方式 to please the general 大众. For that 原因, 一切 you see on the 电视 had the 边框 cut, 顶部, 底部 and 侧边. This is made to ensure that the 图像 covers the whole 屏幕. That is called 过度扫描. Unfortunately, when you make a DVD, it's 边框 will most likely be cut too, and if the 视频 had 字幕 too close to the bottom, they won't be fully shown.","One of the most common 格式时，最常见的问题之一是过度扫描。 when trying to convert a 电影 to DVD 格式时，最常见的问题之一是过度扫描。 is the 过度扫描。 Most 大多数电视节目都是为娱乐大众而制作的。 are made in a 大多数电视节目都是为娱乐大众而制作的。 to please the general 大多数电视节目都是为娱乐大众而制作的。 For that 出于该原因，你在电视上看到的画面边框，包括顶部、底部和侧边，都被裁剪了。 you see on the 大多数电视节目都是为娱乐大众而制作的。 had the 边框 cut, 顶部、底部和侧边。 This is made to ensure that the 图像 covers the whole 屏幕。 That is called 过度扫描。 Unfortunately, when you make a DVD, it's 边框 will most likely be cut too, and if the 视频 had 字幕 too close to the 底部，那么字幕也会显示不完整。"
4,"The American 计划 relied on launching coordinated 攻击 from three different 方向. 将军 约翰·卡德瓦德 would launch a diversionary 进攻 against the British 守军 at 波登镇, in 顺序 to block off any 增援部队. 将军 詹姆斯·尤因 would take 700 民兵 across the 河 at 特伦顿 渡口, seize the 桥梁 over the 阿森皮克 Creek and prevent any 敌军 部队 from escaping. The main 攻击 部队 of 2400 人 would cross the 河 nine 英里 north of Trenton, and then split into two 组, one under 格林 and one under 沙利文, in order to launch a pre-dawn attack.","The 美国计划 relied on launching 协同攻击 from 三个不同的 方向. 约翰·卡德瓦德将军 would launch a diversionary 进攻 against the 英国 守军 at 波登镇, in order to block off any 增援部队. 詹姆斯·尤因将军 would take 700 名民兵 across the 河 at 特伦顿 渡口, seize the 桥梁 over the 阿森皮克湾 and prevent any 敌军 from escaping. The main 指挥 of 2400 人 would cross the 河 九 英里 以北 of 特伦顿, and then split into 两组, 一组 under 格林 and 一组 under 沙利文, in order to launch a pre-dawn 进攻."
5,"After its 由议长约翰·汉考克和秘书长查尔斯·汤姆逊签署的手写草案在7月4日得到大陆议会批准，之后被送到几个街区以外的约翰·邓拉普印刷厂付印。 by 大陆议会 on 7月 4, a handwritten 草案 signed by the 议长 of 大陆议会 约翰·汉考克 and the 秘书长 查尔斯·汤姆逊 was then sent a few 街区 away to the 印刷厂 of 约翰·邓拉普. Through the 夜 between 150 到 200 份 were made, now known as ""邓拉普宽边"" (Dunlap broadsides). The first public 宣读 of the 文件 was by 约翰·尼克松 in the 院子 of 独立大厅 on 7月 8. One was sent to 乔治·华盛顿 on 7月 6, who had it read to his 军队 in 纽约 on 7月 9. A 副本 reached 伦敦 on 8月 10. The 25 邓拉普单面印刷版 still known to exist are the oldest surviving copies of the document. The original handwritten copy has not survived.","""After its 由议长约翰·汉考克和秘书长查尔斯·汤姆逊签署的手写草案在7月4日得到大陆议会批准，a handwritten 由议长约翰·汉考克和秘书长查尔斯·汤姆逊签署的手写草案在7月4日得到大陆议会批准，signed by the 由议长约翰·汉考克和秘书长查尔斯·汤姆逊签署的手写草案在7月4日得到大陆议会批准，John 由议长约翰·汉考克和秘书长查尔斯·汤姆逊签署的手写草案在7月4日得到大陆议会批准，and the 由议长约翰·汉考克和秘书长查尔斯·汤姆逊签署的手写草案在7月4日得到大陆议会批准，Charles 由议长约翰·汉考克和秘书长查尔斯·汤姆逊签署的手写草案在7月4日得到大陆议会批准，was then sent a few 由议长约翰·汉考克和秘书长查尔斯·汤姆逊签署的手写草案在7月4日得到大陆议会批准，to the 由议长约翰·汉考克和秘书长查尔斯·汤姆逊签署的手写草案在7月4日得到大陆议会批准，of John 由议长约翰·汉考克和秘书长查尔斯·汤姆逊签署的手写草案在7月4日得到大陆议会批准。Through the 一夜之间印刷了 150 到 200 份，就是现在众所周知的“邓拉普宽边”(Dunlap broadsides) 版。The first public 在独立大厅的院子里首次公开宣读了这份文件。was by John Nixon 在独立大厅的院子里首次公开宣读了这份文件。on 7 月 8. 其中一封于 7 月 6 日寄给了乔治·华盛顿，华盛顿于 7 月 9 日在纽约向他的军队宣读了这封信。一份副本于 8 月 10 日抵达伦敦。尚存的 25 Dunlap broadsides 是该文件现存最早的版本。手写原稿未能保留下来。"""
6,"After its 由议长约翰·汉考克和秘书长查尔斯·汤姆逊签署的手写草案在7月4日得到大陆议会批准，之后被送到几个街区以外的约翰·邓拉普印刷厂付印。 by 大陆议会 on 7月 4, a handwritten 草案 signed by the 议长 约翰·汉考克 and the 秘书长 查尔斯·汤姆逊 was then sent a few 街区 away to the 印刷厂 of 约翰·邓拉普. Through the 夜 between 150 到 200 份 were made, now known as ""邓拉普宽边"" (Dunlap broadsides). The first public 宣读 of the 文件 was by 约翰·尼克松 in the 院子 of 独立大厅 on 7月 8. One was sent to 乔治·华盛顿 on 7月 6, who had it read to his 军队 in 纽约 on 7月 9. A 副本 reached 伦敦 on 8月 10. The 25 邓拉普单面印刷版 still known to exist are the oldest surviving copies of the document. The original handwritten copy has not survived.","""After its 由议长约翰·汉考克和秘书长查尔斯·汤姆逊签署的手写草案在7月4日得到大陆议会批准，a handwritten 由议长约翰·汉考克和秘书长查尔斯·汤姆逊签署的手写草案在7月4日得到大陆议会批准，was then sent a few 由议长约翰·汉考克和秘书长查尔斯·汤姆逊签署的手写草案在7月4日得到大陆议会批准，to the 由议长约翰·汉考克和秘书长查尔斯·汤姆逊签署的手写草案在7月4日得到大陆议会批准，of 约翰·邓拉普印刷厂. Through the 一夜之间印刷了 between 150 到 200 份，就是现在众所周知的“邓拉普宽边”(Dunlap broadsides). The first public 在独立大厅的院子里首次公开宣读了这份文件。was by 约翰·尼克松 (John Nixon) 在独立大厅的院子里首次公开宣读了这份文件。on 7 月 8. 其中一封于 7 月 6 日寄给了 乔治·华盛顿，华盛顿于 7 月 9 日在纽约向他的军队宣读了这封信。A 在纽约向他的军队宣读了这封信。一份副本于 8 月 10 日抵达伦敦。尚存的 25 Dunlap broadsides）是该文件现存最早的版本。手写原稿未能保留下来."""
7,"The 殖民者, seeing this 活动, had also called for 增援. 部队 reinforcing the forward 阵地 included the 1st and 3rd 新罕布什尔 团 of 200 人, under 约翰·斯塔克 and 詹姆斯·里德 (both later became 将军). 斯塔克's 士兵 took 阵地 along the 围栏 on the north 端 of the 殖民者's 阵地. When low 退潮 opened a 缺口 along the 神秘河 along the 东北 of the 半岛, they quickly extended the 围栏 with a short 石墙 to the 北 ending at the 水's 边 on a small 海滩. 格里德利 or 斯塔克 placed a 木桩 about 100 英尺 (30 米) in 前 of the 围栏 and ordered that no 一 开火 until the 正规军 passed it.","The 殖民者, seeing this 看到这种活动，殖民者也要求了增援。 支援前沿阵地的部队包括 200 人的 新罕布什尔第 1 团和第 3 团，由约翰·斯塔克上校和詹姆斯·里德上校（后来都成为了 将军）指挥。 斯塔克(Stark) 的 士兵沿着殖民者 阵地北端的 防御围栏站位。 When low 退潮时，沿半岛 东北部流淌的 神秘河打开了一道 缺口，他们迅速建起一堵短 石墙，把围墙延伸到岸边 北端的小 海滩上。 格里德利（Gridley）或斯塔克（Stark）在 栅栏前 100 英尺（30 米）处放置一根 木桩，并命令在 正规军经过前不许 开火。"
8,"The 殖民者, seeing this 活动, had also called for 增援. 部队 reinforcing the forward 阵地 included the 1st and 3rd 新罕布什尔 团 of 200 人, under 约翰·斯塔克 and 詹姆斯·里德 (both later became 将军). 斯塔克's 士兵 took 阵地 along the 围栏 on the north 端 of the 殖民者's 阵地. When low 退潮 opened a 缺口 along the 神秘河 along the 东北 of the 半岛, they quickly extended the 围栏 with a short 石墙 to the 北 ending at the 水's 边 on a small 海滩. 格里德利 or 斯塔克 placed a 木桩 about 100 英尺 (30 米) in 前 of the 围栏 and ordered that no 一 开火 until the 正规军 passed it.","The 殖民者, seeing this 看到这种活动，殖民者也要求了增援。 支援前沿阵地的部队包括 200 人的新罕布什尔第 1 团和第 3 团，由约翰·斯塔克上校和詹姆斯·里德上校（后来都成为了将军）指挥。 斯塔克(Stark) 的士兵沿着殖民者阵地北端的防御围栏站位。 退潮时，沿半岛东北部流淌的神秘河打开了一道缺口，他们迅速建起一堵短石墙，把围墙延伸到岸边北端的小海滩上。 格里德利（Gridley）或斯塔克（Stark ）在栅栏前 100 英尺（ 30 米）处放置一根木桩，并命令在正规军经过前不许开火。"
9,Ancient 中国 had a unique 方式 of showing different 时期; each 阶段 of 中国 or each 家族 that was in 权力 was a distinctive 王朝. Also between each 王朝 was an unstable 时代 of divided 省份. The best-known of these 时期 was the 三国 时期 taking 地方 for 60 年 between the 汉 and the 晋 王朝. During these 时期 fierce 战争 took 地方 between many 贵族 fighting for the 王位. The 三国 was one of the bloodiest 时代 in Ancient China's 历史 千 of 人 died fighting to sit in the highest 座位 in the grand 宫殿 at 西安.,Ancient 中国 had a unique 中国古代的不同时期各有特点；中国的每个时期或每个执掌天下的家族都是一个特点鲜明的王朝。 of showing different 中国古代的不同时期各有特点；中国的每个时期或每个执掌天下的家族都是一个特点鲜明的王朝。 中国古代的不同时期各有特点；中国的每个时期或每个执掌天下的家族都是一个特点鲜明的王朝。； each 中国古代的不同时期各有特点；中国的每个时期或每个执掌天下的家族都是一个特点鲜明的王朝。 of 中国 or each 中国古代的不同时期各有特点；中国的每个时期或每个执掌天下的家族都是一个特点鲜明的王朝。 that was in 中国古代的不同时期各有特点；中国的每个时期或每个执掌天下的家族都是一个特点鲜明的王朝。 was a distinctive 同样，历朝历代更迭期间都是一段小国分立的不稳定时代。其中最有名的便是长达。 Also between each 同样，历朝历代更迭期间都是一段小国分立的不稳定时代。其中最有名的便是长达 was an unstable 同样，历朝历代更迭期间都是一段小国分立的不稳定时代。其中最有名的便是长达 of divided 同样，历朝历代更迭期间都是一段小国分立的不稳定时代。其中最有名的便是长达. The best-known of these 在这些动乱时期，各路诸侯为争夺王位而发生激烈战争。 was the 年的三国时期，该时期处于汉晋两代的更迭之间。 taking 同样，历朝历代更迭期间都是一段小国分立的不稳定时代。其中最有名的便是长达 for 60 年的三国时期，该时期处于汉晋两代的更迭之间。 between the 年的三国时期，该时期处于汉晋两代的更迭之间。 and the 年的三国时期，该时期处于汉晋两代的更迭之间。. During these 在这些动乱时期，各路诸侯为争夺王位而发生激烈战争。 fierce 在这些动乱时期，各路诸侯为争夺王位而发生激烈战争。 took 在这些动乱时期，各路诸侯为争夺王位而发生激烈战争。 between many 在这些动乱时期，各路诸侯为争夺王位而发生激烈战争。 fighting for the 同样，历朝历代更迭期间都是一段小国分立的不稳定时代。其中最有名的便是长达. The 三国是中国古代历史上最血腥的时代之一。成千上万的人为了争夺西安豪华宫殿最高的权力而死去。 was one of the 三国是中国古代历史上最血腥的时代之一。成千上万的人为了争夺西安豪华宫殿最高的权力而死去。 in Ancient 中国’s 三国是中国古代历史上最血腥的时代之一。成千上万的人为了争夺西安豪华宫殿最高的权力而死去。 成千上万的人为了争夺西安豪华宫殿最高的权力而死去。 died fighting to sit in the 在这些动乱时期，各路诸侯为争夺王位而发生激烈战争。 in the grand 三国是中国古代历史上最血腥的时代之一。成千上万的人为了争夺西安豪华宫殿最高的权力而死去。 at 西安.
10,"行军蚁群 march and 筑巢 in different 阶段 as well. In the 迁徙 阶段, 行军蚁 march at 夜间 and stop to camp during the 白天. The 蚁群 begins a 迁徙 阶段 when available 食物 has decreased. During this 阶段, the 蚁群 makes temporary 巢穴 that are changed everyday. Each of these 游牧性的横冲直撞 or 行进 lasts for approximately 17 天.",行军蚁群的行进和筑巢也分不同的阶段。 在迁徙阶段，行军蚁在夜间出行，白天停下来安营。 当可利用的食物减少时，这个蚁群就会迎来迁徙期。在这一阶段，蚁群会建造每天更换的临时巢穴。 这种游牧性的横冲直撞行为每次都会持续 17 天左右。
11,"行军蚁群 march and 筑巢 in different 阶段 as well. In the 迁徙 阶段, 行军蚁 march at 夜间 and stop to camp during the 白天. The 蚁群 begins a 迁徙 阶段 when available 食物 has decreased. During this 阶段, the 蚁群 makes temporary 巢穴 that are changed everyday. Each of these 游牧性的横冲直撞 or 行进 lasts for approximately 17 天.",行军蚁群的行进和筑巢也分不同的阶段。 在迁徙阶段，行军蚁在夜间出行，白天停下来安营。 当可利用的食物减少时，这个蚁群就会迎来迁徙期。在这一阶段，蚁群会建造每天更换的临时巢穴。 这种游牧性的横冲直撞行为每次都会持续 17 天左右。
12,"Many observed 节律 in 生理 and 行为 often crucially depend on the 存在 of endogenous 周期 and their 产生 through biological 生物钟. Periodic 节奏, which are not simply 反应 to external periodic 信号, have been documented for most 生物, including 细菌, 真菌, 植物, and 动物. Biological 生物钟 are 自我 维持 摆动装置 which will continue a 周期 of free-running 周期 even in the 没有 of external cues.","Many observed 周期性的节奏 in 生理 and 行为 often crucially depend on the 取决于 of 内生 周期 and their 产生 through 生物 clocks. 周期性的节奏, which are not simply 对外部周期信号的简单反应, have been documented for most 生物, including 细菌, 真菌, 植物, and 动物. 生物 clocks are 自我 维持的 摆动装置 which will continue a 自由运转的 周期 even in the 没有 of 外界 提示."
13,A 种群 is the 集合 of 生物体 of a particular 种类 within a given geographic 区域. When all 个体 in a 种群 are identical with 在 to a particular phenotypic 性状 they are known as monomorphic. When the 个体 show several 变体 of a particular 性状 they are polymorphic.,A 种群是 the 种群是指在特定地理区域内特定种类生物体的集合。 of a particular 种群是指在特定地理区域内特定种类生物体的集合。 within a given geographic 种群是指在特定地理区域内特定种类生物体的集合。. When all 当种群中的所有个体在某一特定表型性状上完全相同时， in a 种群是指在特定地理区域内特定种类生物体的集合。 are identical with 当种群中的所有个体在某一特定表型性状上完全相同时， to a particular phenotypic 当种群中的所有个体在某一特定表型性状上完全相同时， they are known as monomorphic. When the 当种群中的所有个体在某一特定表型性状上完全相同时， show several 当个体表现出某一性状的几个变体时， of a particular 当个体表现出某一性状的几个变体时， they are polymorphic.
14,A 种群 is the 集合 of 生物体 of a particular 种类 within a given geographic 区域. When all 个体 in a 种群 are identical with 在 to a particular phenotypic 性状 they are known as monomorphic. When the 个体 show several 变体 of a particular 性状 they are polymorphic.,A 种群是 the 种群是指在特定地理区域内特定种类生物体的集合。 of a particular 种群是指在特定地理区域内特定种类生物体的集合。 within a given geographic 种群是指在特定地理区域内特定种类生物体的集合。. When all 当种群中的所有个体在某一特定表型性状上完全相同时， in a 种群是指在特定地理区域内特定种类生物体的集合。 are identical with 当种群中的所有个体在某一特定表型性状上完全相同时， to a particular phenotypic 当种群中的所有个体在某一特定表型性状上完全相同时， they are known as monomorphic. When the 当种群中的所有个体在某一特定表型性状上完全相同时， show several 当个体表现出某一性状的几个变体时， of a particular 当个体表现出某一性状的几个变体时， they are polymorphic.
15,"自然 旅游业 attracts 人 interested in visiting 自然地区 for the 目的 of enjoying the 风景, including 野生动植物 in 自然风景. 例如 of 现场 活动 include 打猎, 钓鱼, 摄影, 观鸟, and visiting 公园 and studying 信息 about the 生态系统. An 例如 is visiting, photographing, and learning about 红毛猩猩 in 婆罗洲.",自然风光旅游业吸引了那些对自然地区感兴趣的游客，他们前来观赏包括野生动植物在内的自然风景。 现场活动包括打猎、钓鱼、摄影、观鸟、参观公园和研究生态系统。 例如，在婆罗洲参观、拍摄和了解红毛猩猩。
16,"Every 早上, 人们 leave small 乡镇 in 车 to go their 工作地点 and are passed by 他们 whose 工作 地点 is the 地方 they have just left. In this dynamic 交通 穿梭 每个人 is somehow connected with, and supporting, a 交通 系统 based on private 车. 科学 now indicates that this massive 碳 经济 has dislodged the 生物圈 from one of its stable 状态 that has supported human 进化 for the past two million 年.","每天早上, 人们 leave 小乡镇 in 私家车 to go their 工作地点 and are passed by 其他人 whose 工作 地点 is the 地方 they have just left. In this dynamic 交通 shuttle 每个人 is somehow connected with, and supporting, a 交通 系统 based on private 私家车. 科学 now indicates that this massive 碳 经济 has dislodged the 生物圈 from one of its stable 状态 that has supported human 进化 for the past two million 年."
17,"The 原子 can be considered to be one of the fundamental 组成模块 of all 物质. Its a very complex 实体 which consists, according to a simplified 波尔 模型, of a central 原子核 orbited by 电子, somewhat similar to 行星 orbiting the 太阳 - see 图 1.1. The 原子核 consists of two 粒子 - 中子 and 质子. 质子 have a positive electric 电, while 中子 have no 电. The 电子 have a negative electric 电.","The 原子 can be considered to be one of the fundamental 基本组成模块 of all 物质. Its a very complex 实体 which consists, according to a simplified 波尔 模型, of a central 原子核 orbited by 电子, somewhat similar to 行星 orbiting the 太阳 - see 图 1.1. The 原子核 consists of two 粒子 - 中子 and 质子. 质子 have a positive electric 电荷 while 中子 have no 电荷. The 电子 have a negative electric 电荷."
18,"The 原子 can be considered to be one of the fundamental 组成模块 of all 物质. Its a very complex 实体 which consists, according to a simplified 波尔模型, of a central 原子核 orbited by 电子, somewhat similar to 行星 orbiting the 太阳 - see 图 1.1. The 原子核 consists of two 粒子 - 中子 and 质子. 质子 have a positive electric 电, while 中子 have no 电. The 电子 have a negative electric 电.","The 原子 can be considered to be one of the fundamental 基本组成模块 of all 物质. Its a very complex 实体 which consists, according to a simplified 波尔 模型, of a central 原子核 orbited by 电子, somewhat similar to 行星 orbiting the 太阳 - see 图 1.1. The 原子核 consists of two 粒子 - 中子 and 质子. 质子 have a positive electric 电荷 while 中子 have no 电荷. The 电子 have a negative electric 电荷."
19,"Virtually all 计算机 in 使用 当今 are based on the 处理 of 信息 which is coded in the 形式 of binary 数. A binary 数 can have only one of two 值, i.e. 0 or 1, and these 数 are referred to as binary 数字 - or 位, to use 计算机 术语.","Virtually all 计算机 in 当今 are based on the 处理 of 信息 which is coded in the 形式 of binary 数字. A binary 数字 can have only one of two 值, i.e. 0 or 1, and these 数字 are referred to as binary 数字 - or 位, to use 计算机 术语."
20,"Virtually all 计算机 in 使用 当今 are based on the 处理 of 信息 which is coded in the 形式 of binary 数. A binary 数 can have only one of two 值, i.e. 0 or 1, and these 数 are referred to as binary 数字 - or 位, to use 计算机 术语.","Virtually all 计算机 in 使用 当今 are based on the 处理 of 信息 which is coded in the 形式 of binary 数字. A binary 数字 can have only one of two 值, i.e. 0 or 1, and these 数字 are referred to as binary 数字 - or 位, to 使用 计算机 术语."
21,"""博客 can also help improve 学生 写作. While 学生 often begin their 博客 经验 with sloppy 语法 and 拼写, the 存在 of an 观众 generally changes that. Since 学生 are often the most critical 观众, the 博客 作者 begins to strive to improve writing to avoid 批评. Also 写博客 """"forces 学生 to become more savvy about the 世界 around them."""" The 需要 to feed the 兴趣 of the 观众 inspires 学生 to be clever and interesting (Toto, 2004). 写博客 is a 工具 that inspires 合作, and encourages 学生 to extend 学习 well beyond the traditional 学校 授课. Appropriate use of 博客 """"can empower 学生 to become more analytical and critical; through actively responding to 网络 材料, 学生 can define their 立场 in the 上下文 of 他人 文章 as well as outline their own 观点 on particular 问题 (Oravec, 2002).""","""博客还能帮助学生提高写作能力。尽管学生们开始写博客时，用的语法和拼写往往都很马虎，读者的出现通常会改变这一状况。学生往往是最挑剔的读者，所以博客作者开始努力提高写作水平，避免受到批判。此外，写博客也“迫使学生对周遭世界更具洞察力“。为满足观众兴趣，学生们受此鼓舞，变得聪明和有趣起来。写博客是一种能够激发合作的工具，还能鼓励学生把学习延伸到传统的学校授课之外。""""适当使用博客，""""可以使学生变得更善于分析和进行思辨；通过积极回应网络材料，学生们可以在他人文章的上下文语境中找到自己的立场，并能够针对特定问题提出自己的观点（Oravec, 2002）。"""""""
22,"""博客 can also help improve 学生 写作. While 学生 often begin their 博客 经验 with sloppy 语法 and 拼写, the 存在 of an 观众 generally changes that. Since 学生 are often the most critical 观众, the 博客 作者 begins to strive to improve writing to avoid 批评. Also 写博客 """"forces 学生 to become more savvy about the 世界 around them."""" The 需要 to feed the 兴趣 of the 观众 inspires 学生 to be clever and interesting (Toto, 2004). 写博客 is a 工具 that inspires 合作, and encourages 学生 to extend 学习 well beyond the traditional 学校 授课. Appropriate use of 博客 """"can empower 学生 to become more analytical and critical; through actively responding to 网络 材料, 学生 can define their 立场 in the 上下文 of 他人 文章 as well as outline their own 观点 on particular 问题 (Oravec, 2002).""","""博客还能帮助学生提高写作能力。尽管学生们开始写博客时，用的语法和拼写往往都很马虎，读者的出现通常会改变这一状况。 学生往往是最挑剔的读者，所以博客作者开始努力提高写作水平，避免受到批判。 此外，写博客也“迫使学生对周遭世界更具洞察力“。为满足观众兴趣，学生们受此鼓舞，变得聪明和有趣起来。 写博客是一种能够激发合作的工具，还能鼓励学生把学习延伸到传统的学校授课之外。 """"适当使用博客，""""可以使学生变得更善于分析和进行思辨；通过积极回应网络材料，学生们可以在他人文章的上下文语境中找到自己的立场，并能够针对特定问题提出自己的观点（Oravec, 2002）。"""
23,"Asynchronous 通讯 encourages 时间 for 思考 and 反应 to 他人. It allows 学生 the 能力 to work at their own 节奏 and control the 节奏 of instructional 信息. In 添加, there are fewer 时间 限制 with the 可能性 of flexible 工作 时间. (布雷默, 1998) The 使用 of the 互联网 and the 万维网 allows 学习者 to have 获取 to 信息 at all 时间. 学生 can also submit questions to 老师 at any time of 一天 and expect reasonably quick 回复, rather than waiting until the next 面谈 meeting.",Asynchronous 异步通讯让人们有时间思考他人的反应并作出反应。 It allows 学生能够按自己的 节奏学习，并控制传授教学 信息的节奏。 In 此外，由于可以实行弹性工作 时间，时间上的 限制也比较少。（布雷默，1998年） The 使用 互联网和万维网 allows 学习者可以随时获取 信息。 学生也可以在一天中的任何 时间把问题提交给 老师，并且可以预期得到合理 时间内的快速 回复，而不用一直等到下一次面谈。
24,"Asynchronous 通讯 encourages 时间 for 思考 and 反应 to 他人. It allows 学生 the 能力 to work at their own 节奏 and control the 节奏 of instructional 信息. In 添加, there are fewer 时间 限制 with the 可能性 of flexible 工作 时间. (布雷默, 1998) The 使用 of the 互联网 and the 万维网 allows 学习者 to have 获取 to 信息 at all 时间. 学生 can also submit questions to 老师 at any time of 天 and expect reasonably quick 回复, rather than waiting until the next 面谈 meeting.",Asynchronous 异步通讯让人们有时间思考他人的反应并作出反应。 It allows 学生能够按自己的 节奏学习，并控制传授教学 信息的节奏。 In 此外，由于可以实行弹性工作 时间，时间上的 限制也比较少。（布雷默，1998年） The 使用 互联网和万维网 allows 学习者可以随时获取 信息。 学生也可以在一天中的任何 时间把问题提交给 老师，并且可以预期得到合理 时间内的快速 回复，而不用一直等到下一次 面谈。
25,"The traditional medieval 城堡 has long inspired the 想象力, conjuring up 画面 of 马背长矛比武, 宴会 and Arthurian 骑士精神. Even standing amidst thousand 年 废墟 it is easy to bring to 回想 the 声音 and 气味 of 战争 long gone, to almost hear the 碰撞声 of 马蹄 on the 鹅卵石 and to smell the 恐惧 rising from the 地牢 坑. But is our 想象 based on 现实? Why were 城堡 built in the first 地方? How were they designed and built?","The traditional medieval 城堡 has long inspired the 想象力, conjuring up 画面 of 马背长矛比武, 宴会 and Arthurian 骑士精神. Even standing amidst thousand 年-old 废墟 it is easy to bring to 想象力 the 声音 and 气味 of 战争 long gone, to almost hear the 碰撞声 of 马蹄 on the 鹅卵石 and to 闻到 the 恐惧 rising from the 地牢 坑. But is our 想象力 based on 现实? Why were 城堡 built in the first 地方? How were they designed and built?"
26,"The traditional medieval 城堡 has long inspired the 想象力, conjuring up 画面 of 马背长矛比武, 宴会 and Arthurian 骑士精神. Even standing amidst thousand 年 废墟 it is easy to bring to 回想 the 声音 and 气味 of 战争 long gone, to almost hear the 碰撞声 of 马蹄 on the 鹅卵石 and to smell the 恐惧 rising from the 地牢 坑. But is our 想象 based on 现实? Why were 城堡 built in the first 地方? How were they designed and built?","The traditional medieval 城堡 has long inspired the 想象力, conjuring up 画面 of jousts, 宴会 and Arthurian 骑士精神. Even standing amidst thousand 年-old 废墟 it is easy to bring to 想象力 the 声音 and 气味 of 战争 long gone, to almost hear the 碰撞声 of 马蹄 on the 鹅卵石 and to smell the 恐惧 rising from the 地牢 坑. But is our 想象力 based on 现实? Why were 城堡 built in the first 地方? How were they designed and built?"
27,"Typical for the 时期, 克尔比墨斯鲁（Muxloe）城堡 is more of a fortified 房屋 than a true 城堡. Its large glazed 玻璃窗 and thin 墙 would not have been able to resist a determined 攻击 for long. In the 15 世纪 80 年代, when its 建造 was begun by 黑斯廷斯勋爵（Lord Hastings）, the 国家 was relatively peaceful and 防御 was only required against small 群 of roving 抢掠者.","Typical for the 作为那段时期的典型建筑，与其说克尔比墨斯鲁（Muxloe）城堡是一座真正的城堡，不如说它是一座加固的房屋。, Kirby Muxloe 作为那段时期的典型建筑，与其说克尔比墨斯鲁（Muxloe）城堡是一座真正的城堡，不如说它是一座加固的房屋。 is more of a fortified 作为那段时期的典型建筑，与其说克尔比墨斯鲁（Muxloe）城堡是一座真正的城堡，不如说它是一座加固的房屋。 than a true 作为那段时期的典型建筑，与其说克尔比墨斯鲁（Muxloe）城堡是一座真正的城堡，不如说它是一座加固的房屋。. Its large glazed 它的大玻璃窗和薄墙不可能长时间抵抗得住一次坚决的攻击。 and thin 它的大玻璃窗和薄墙不可能长时间抵抗得住一次坚决的攻击。 would not have been able to resist a determined 它的大玻璃窗和薄墙不可能长时间抵抗得住一次坚决的攻击。 for long. In the 15 世纪 80 年代，在黑斯廷斯勋爵（Lord Hastings）开始建造这座城堡的时候，这个国家还相对和平，只需要防御一小群四处游荡的抢掠者。, when its 作为那段时期的典型建筑，与其说克尔比墨斯鲁（Muxloe）城堡是一座真正的城堡，不如说它是一座加固的房屋。 was begun by Lord Hastings）开始建造这座城堡的时候，这个国家还相对和平，只需要防御一小群四处游荡的抢掠者。, the 这个国家还相对和平，只需要防御一小群四处游荡的抢掠者。 was relatively peaceful and 只需要防御一小群四处游荡的抢掠者。 was only required against small bands of roving 抢掠者。."
28,"Typical for the 时期, 克尔比墨斯鲁（Muxloe）城堡 is more of a fortified 房屋 than a true 城堡. Its large glazed 玻璃窗 and thin 墙 would not have been able to resist a determined 攻击 for long. In the 15 世纪 80 年代, when its 建造 was begun by 黑斯廷斯勋爵（Lord Hastings）, the 国家 was relatively peaceful and 防御 was only required against small 一小群 of roving 抢掠者.","Typical for the 作为那段时期的典型建筑，与其说克尔比墨斯鲁（Muxloe）城堡是一座真正的城堡，不如说它是一座加固的 房屋，克尔比墨斯鲁（Muxloe）城堡 is more of a fortified 房屋 than a true 城堡. Its large glazed 大玻璃窗 and 薄墙 would not have been able to resist a determined 攻击 for long. In the 15 世纪 80 年代, when its 建造 was begun by 黑斯廷斯勋爵（Lord Hastings）, the 国家 was relatively peaceful and 防御 was only required against small 群 of roving 抢掠者."
29,"With the 转变 from the 四分之一英里 to the 半英里 赛跑, 速度 becomes of much less 重要 and 耐力 becomes an absolute 必要. Of 当然 a first-class 半英里跑步选手, a 选手 who can beat two 分钟, must be possessed of a fair 足够 of 速度, but 耐力 must be cultivated at all 代价. Some 越野跑 运动 during the 冬季, combined with 健身锻炼 for the upper part of the 身体, is the best 准备 for the 跑步 季.",With the 从四分之一英里转变为半英里的赛跑，速度变得不那么重要了，耐力成为绝对重要的因素。 当然，要成为一流的 半英里跑步选手（在两分钟内跑完），就必须要有足够快的 速度，并且要不惜一切代价地培养 耐力。 在 冬季练练 越野跑，加上对上半身的 健身锻炼，能为 跑步季做好充分 准备。
30,"With the 转变 from the 四分之一英里 to the 半英里 赛跑, 速度 becomes of much less 重要 and 耐力 becomes an absolute 必要. Of 当然 a first-class 半英里跑步选手, a 选手 who can beat two 分钟, must be possessed of a fair 足够 of 速度, but 耐力 must be cultivated at all 代价. Some 越野跑 during the 冬季, combined with 健身锻炼 for the upper part of the 身体, is the best 准备 for the 跑步 季.","With the 从四分之一英里转变为半英里的赛跑，速度变得不那么重要了，耐力成为绝对重要的因素。 当然 a first-class 半英里跑步选手, a 人 who can beat two 分钟, must be possessed of a fair 速度, but 耐力 must be cultivated at all 不惜一切代价. Some 越野跑 during the 冬季, combined with 健身锻炼 for the upper 上半身, is the best 准备 for the 跑步 季."
31,"Proper nutritional 实践 alone cannot generate elite 表现, but they can significantly affect young 运动员' overall 健康状况. Maintaining a healthy 能量 平衡, practicing effective 补充水分 习惯, and understanding the various 方面 of 营养补品 实践 can help 运动员 improve their 表现 and increase their 运动乐趣 of the 运动.","Proper nutritional 实践 alone cannot generate elite 表现, but they can significantly affect young 运动员's overall 健康状况. Maintaining a healthy 能量 平衡, practicing effective 补充水分的 习惯, and understanding the various 方面 of 营养补品 实践 can help 运动员们 improve their 表现 and increase their 乐趣 of the 运动."
32,"Proper nutritional 实践 alone cannot generate elite 表现, but they can significantly affect young 运动员' overall 健康状况. Maintaining a healthy 能量 平衡, practicing effective 补充水分 习惯, and understanding the various 方面 of 营养补品 实践 can help 运动员 improve their 表现 and increase their 运动乐趣 of the 运动.","Proper nutritional 实践 alone cannot generate elite 表现, but they can significantly affect young 运动员's overall 健康状况. Maintaining a healthy 能量 平衡, practicing effective 补充水分的 习惯, and understanding the various 方面 of 营养补品 实践 can help 运动员们 improve their 表现 and increase their 乐趣 of the 运动."
33,"Middle 中长跑 is a relatively inexpensive 运动; however, there are many 误解 regarding the few 装备 required to participate. 产品 can be purchased as needed, but most will have little or no real 影响 on 成绩. 运动员 may feel that they prefer a 产品 even when it provides no real 益处.",Middle 中长跑是一项花费相对低廉的 运动；然而参与者对所需的几件 装备却有很多 误解。 可以根据需要购买 产品，但大多数 产品对成绩几乎没有实际 影响。 运动员可能会认为他们倾向于一个 产品，尽管这个 产品毫无益处。
34,"Middle 中长跑 is a relatively inexpensive 运动; however, there are many 误解 regarding the few 装备 required to participate. 产品 can be purchased as needed, but most will have little or no real 影响 on 成绩. 运动员 may feel that they prefer a 产品 even when it provides no real 益处.","Middle 中长跑是一项花费相对低廉的运动；然而参与者对所需的几件装备却有很多误解。 is a relatively inexpensive 中长跑是一项花费相对低廉的运动；然而参与者对所需的几件装备却有很多误解。; however, there are many 中长跑是一项花费相对低廉的运动；然而参与者对所需的几件装备却有很多误解。 regarding the few 中长跑是一项花费相对低廉的运动；然而参与者对所需的几件装备却有很多误解。 of 中长跑是一项花费相对低廉的运动；然而参与者对所需的几件装备却有很多误解。 required to participate. 可以根据需要购买产品，但大多数产品对成绩几乎没有实际影响。 can be purchased as needed, but most will have little or no real 可以根据需要购买产品，但大多数产品对成绩几乎没有实际影响。 on 可以根据需要购买产品，但大多数产品对成绩几乎没有实际影响。. 运动员可能会认为他们倾向于一个产品，尽管这个产品毫无益处。 may feel that they prefer a 运动员可能会认为他们倾向于一个产品，尽管这个产品毫无益处。 even when it provides no real 运动员可能会认为他们倾向于一个产品，尽管这个产品毫无益处。."
35,"磁共振成像 is based on a 物理现象 called nuclear magnetic 共振 (NMR), which was discovered in the 20世纪30年代 by 费利克斯·布洛赫 (working at 斯坦福大学) and 爱德华·珀塞耳 (from 哈佛大学). In this 共振, magnetic 场 and 无线电波 cause 原子 to give off tiny radio 信号. In the 年 1970, 雷蒙德·达马迪安, a medical 博士 and 研究 科学家, discovered the 基础 for using magnetic resonance 成像 as a 工具 for medical 诊断. Four 年 later a 专利 was granted, which was the 世界's first patent issued in the field of 核磁共振. In 1977, 达马迪安 博士 completed the 制造 of the first ""全身"" MRI 扫描仪, which he called the ""不屈号"".","磁共振成像 is based on a 的物理现象，它是 叫 核磁共振 (NMR), which was 年代发现的。 30 by 费利克斯·布洛赫（在 斯坦福大学 工作） and 爱德华·珀塞耳（来自 哈佛大学）. In this 共振, 磁场 and 无线电波 cause 原子 to give off tiny 无线电信号. In the 年 1970, (Raymond Damadian), a 医学 博士 兼 研究 科学家, 发现了 使用 磁共振成像 作为 医学 诊断 工具 的 基础 原理. 四年后 a 专利 was granted, which was the 世界上 首个 颁发 的 核磁共振 领域 专利. In 1977, 达马迪安（Damadian） 博士 完成了 第一台 “全身” 核磁共振 扫描仪 的 制造, 他 称之为 “不屈号”."
36,"磁共振成像 is based on a 物理现象 called nuclear magnetic 共振 (NMR), which was discovered in the 30 年代 by 费利克斯·布洛赫 (working at 斯坦福大学) and 爱德华·珀塞耳 (from 哈佛大学). In this 共振, magnetic 场 and 无线电波 cause 原子 to give off tiny radio 信号. In the 年 1970, 雷蒙德·达马迪安, a medical 博士 and 研究 科学家, discovered the 基础 for using magnetic resonance 成像 as a 工具 for medical 诊断. Four 年 later a 专利 was granted, which was the 世界's first 专利 issued in the field of 核磁共振. In 1977, 达马迪安 博士 completed the 制造 of the first ""全身"" MRI 扫描仪, which he called the ""不屈号"".","磁共振成像 is based on a 的物理现象，它是 叫 核磁共振 (NMR), which was discovered in the 30 年代 by 费利克斯·布洛赫 (working at 斯坦福大学) and 爱德华·珀塞耳 (from 哈佛大学). In this 共振, 磁场 and 无线电波 cause 原子 to give off tiny 无线电 信号. In the 年 1970, (Raymond Damadian), a 医学 博士 兼 研究 科学家, discovered the 基础 for using 磁共振成像 as a 工具 for 医学 诊断. 四 年 later a 专利 was granted, which was the 世界's first 专利 issued in the 核磁共振 领域. In 1977, 达马迪安（Damadian） 博士 completed the 核磁共振 扫描仪的 制造, which he 称之为 “不屈号”."
37,"人类 are by far the most talented 物种 in reading the 心思 of 他人. That means we are able to successfully predict what other 人类 perceive, intend, believe, know or desire. Among these 能力, understanding the 意图 of 他人 is crucial. It allows us to resolve possible 模棱两可的问题 of physical 行为. For 例如, if you were to see 有人 breaking a 汽车 窗, you would probably assume he was trying to steal a 陌生人's 汽车. He would need to be judged differently if he had lost his 车钥匙 and it was his own 汽车 that he was trying to break into.","到目前为止，人类是最善于读懂他人心思的物种。 That means we are able to successfully predict what other 人类 perceive, intend, believe, know or desire. Among these 在这些能力中, understanding the 意图 of 他人 is crucial. It allows us to resolve possible 模棱两可 of physical 行为. 例如, if you were to see 有人 breaking a 汽车 窗口, you would probably assume he was trying to steal a 陌生人’s 汽车. He would need to be judged differently if he had lost his 汽车 钥匙 and it was his own 汽车 that he was trying to break into."
38,"人类 are by far the most talented 物种 in reading the 心思 of 他人. That means we are able to successfully predict what other 人类 perceive, intend, believe, know or desire. Among these 能力, understanding the 意图 of others is crucial. It allows us to resolve possible 模棱两可的问题 of physical 行为. For 例如, if you were to see 有人 breaking a 汽车 窗, you would probably assume he was trying to steal a 陌生人's 汽车. He would need to be judged differently if he had lost his car 钥匙 and it was his own car that he was trying to break into.","到目前为止，人类是最善于读懂他人心思的物种。 That means we are able to successfully predict what other 人类 perceive, intend, believe, know or desire. Among these 在这些能力中，理解他人意图至关重要。 It allows us to resolve possible 模棱两可 of physical 行为. 例如, if you were to see 有人 breaking a 汽车 窗口, you would probably assume he was trying to steal a 陌生人的 汽车. He would need to be judged differently if he had lost his 汽车 钥匙 and it was his own 汽车 that he was trying to break into."
39,"Although 人工智能 has a strong 科幻色彩 of 科学 小说, 人工智能 forms a very important 分支 of 计算机 科学, dealing with 行为, 学习 and intelligent 适应 in a 机器. 研究 in 人工智能 involves making 机器 to automate 任务 that require intelligent 行为. 例子 include 控制, 规划 and 调度, the 能力 to answer 客户 诊断 and 问题, as well as 手写识别, 声音 and 脸部. Such 事情 have become separate 学科, which focus on providing 解决方案 to real 生活 问题. The 人工智能系统 is now often used in the 领域 of 经济, 医学, 工程学 and 军事, as has been built in several 家用 计算机 and 电子游戏 软件 应用程序.","Although AI 有很强的 科幻 色彩, AI 是 计算机 科学 非常 重要 的 一个 分支, dealing with 行为, 学习 和 智能 适应 in a 机器. 的研究 涉及 制造 机器 让 需要 智能 行为 的 任务 自动化. 例子 包括 控制, 规划 和 调度, the 能力 to answer 客户 诊断 及 客户 问题, as well as 手写 识别, 声音 和 脸部. 所有 的 这些 都 成为了 独立 的 学科, 着重 为 现实 生活 中 的 问题 提供 解决方案. The AI 系统 现在 经常 用于 经济, 医学, 工程学 和 军事 领域, 有些 家用 计算机 和 电子游戏 软件 应用程序 已经 有 内置 的 AI 系统."
40,"Although 人工智能 has a strong 科幻色彩 of 科学 小说, 人工智能 forms a very important 分支 of 计算机 科学, dealing with 行为, 学习 and intelligent 适应 in a 机器. 研究 in 人工智能 involves making 机器 to automate 任务 that require intelligent 行为. 例子 include 控制, 规划 and 调度, the 能力 to answer 客户 诊断 and 问题, as well as 手写识别, 声音 and 脸部. Such 事情 have become separate 学科, which focus on providing 解决方案 to real 生活 问题. The 人工智能系统 is now often used in the 领域 of 经济, 医学, 工程学 and the 军事, as has been built in several 家用 计算机 and 电子游戏 软件 应用程序.","Although 人工智能有很强的科幻色彩, 人工智能有很强的科幻色彩, 但它其实是计算机科学非常重要的一个分支, dealing with 机器的行为, 学习和智能适应. 的研究涉及制造机器让需要智能行为的任务自动化. 例子包括 控制, 规划和调度, the 能力 to answer 客户 诊断及客户问题, as well as 手写 识别, 声音 and 脸部. Such 所有的这些都成为了独立的学科, which focus on providing 解决方案 to 现实 生活中的 问题. The 人工智能 系统 is now often used in the 领域 of 经济, 医学, 工程学 and 军事, as has been built in several 家用 计算机 and 电子游戏 软件 应用程序."
41,"Convergent 思维模式 are 问题解决技巧 that unite different 想法 or 领域 to find a 解决方案. The 看重 of this 思维模式 is 速度, 逻辑 and 准确性, also 甄别 事实, reapplying existing 技巧, gathering 信息. The most important 因素 of this 思维模式 is: there is only one correct 答案. You only think of two 答案, namely right or wrong. This 类型 of 思维 is associated with certain 科学 or standard 程序. 人 with this 类型 of 思维 have logical 思维, are able to memorize 模式, solve 问题 and work on scientific 测试.","收敛思维模式是通过结合不同的想法或领域来寻找解决方案的问题解决技巧。 The 收敛思维模式看重的是 速度、逻辑 and 准确性, also 甄别 事实, 对现有技术的重新应用, gathering 信息. The most important 因素 of this 收敛思维模式 is: there is only one correct 答案. You only think of two 答案, namely right or wrong. This 类型 of 收敛思维模式 is associated with certain 科学 or standard 程序. 这种思维类型的人具有 逻辑 收敛思维模式, are able to memorize 收敛思维模式, 解决 问题 and work on 科学 测试."
42,"Convergent 思维模式 are 问题解决技巧 that unite different 想法 or 领域 to find a 解决方案. The 焦点 of this 思维模式 is 速度, 逻辑 and 准确性, also 甄别 事实, reapplying existing 技巧, gathering 信息. The most important 因素 of this 思维模式 is: there is only one correct 答案. You only think of two 答案, namely right or wrong. This 类型 of 思维 is associated with certain 科学 or standard 程序. 人 with this 类型 of 思维 have logical 思维, are able to memorize 模式, solve 问题 and work on scientific 测试.",收敛思维模式是通过结合不同的想法或领域来寻找解决方案的问题解决技巧。 这种思维模式看重的是速度、逻辑和准确性，还有甄别事实、对现有技术的重新应用和信息收集。 这种思维模式最重要的因素是：正确答案只有一个。你只需考虑两个答案，即对的或者是错的。 这种思维模式与某些科学或标准程序不无关联。 这种思维类型的人具有逻辑思维，能够记得住模式、解决问题，还能进行科学测试。
43,"The 使用 of 录像 录像 has led to important 发现 in the 阐释 of 微表情, facial 运动 which last a few 毫秒. In particular, it is claimed that one can detect whether a 人 is lying by interpreting 微表情 correctly. 奥利弗·萨克斯 (Oliver Sacks), in his 论文 The 总统's 演讲, indicated how 人 who are unable to understand 语言 because of 脑损伤 are nevertheless able to assess 诚意 accurately. He even suggests that such 能力 in interpreting human 行为 may be shared by 动物 such as domestic 家犬.","录像的使用为阐释微表情（持续几毫秒的面部运动）带来了重大发现。 In particular, it is claimed that one can detect whether a 人 is lying by interpreting 微表情 correctly. 奥利弗·萨克斯, in his 论文 The 总统's 演讲, indicated how 人 who are unable to understand 语言 because of 脑 损伤 are nevertheless able to assess 诚意 accurately. He even suggests that such 能力 in interpreting human 行为 may be shared by 动物 such as domestic 狗."
44,"The 使用 of 录像 录像 has led to important 发现 in the 阐释 of 微表情, facial 运动 which last a few 毫秒. In particular, it is claimed that one can detect whether a 人 is lying by interpreting 微表情 correctly. 奥利弗·萨克斯 (Oliver Sacks), in his 论文 The 总统's 演讲, indicated how 人 who are unable to understand 语言 because of 脑损伤 are nevertheless able to assess 诚意 accurately. He even suggests that such 能力 in interpreting human 行为 may be shared by 动物 such as domestic 家犬.","录像的使用为阐释微表情（持续几毫秒的面部运动）带来了重大发现。 In particular, it is claimed that one can detect whether a 人 is lying by interpreting 微表情 correctly. 奥利弗·萨克斯, in his 论文 The 总统's 演讲, indicated how 人 who are unable to understand 语言 because of 脑 损伤 are nevertheless able to assess 诚意 accurately. He even suggests that such 能力 in interpreting human 行为 may be shared by 动物 such as domestic 狗."
45,"As the 能力 to obtain 知识 and to learn changed in such a 方式 as mentioned above the 基本 速率 at which 知识 was obtained changed. The 方法 to obtaining 信息 was different. No longer did 压力 reside within individual 回忆, but the ability to 回忆 文本 became more of a 重要. In 根本, the 文艺复兴 made a significant 变化 in the 方式 to 学习 and the 传播 of 知识.","As the 当获取知识和进行学习的能力发生如上所述的变化时，获取知识的基本速率也相应地产生变化。 to obtain 知识 and to learn changed in such a 方式 as mentioned above the 基本 速率 at which 知识 was obtained changed. The 方法 to obtaining 信息 was different. No longer did 压力 reside within individual 回忆, but the 当获取知识和进行学习的能力发生如上所述的变化时，获取知识的基本速率也相应地产生变化。 to 回忆 文本 became more of a 重点. In 本质, the 文艺复兴 made a significant 变化 in the 方法 to 学习 and the 传播 of 知识."
46,"As the 能力 to obtain 知识 and to learn changed in such a 方式 as mentioned above the 基本 速率 at which 知识 was obtained changed. The 方法 to obtaining 信息 was different. No longer did 压力 reside within individual 回忆, but the ability to 回忆 文本 became more of a 重要. In 根本上, the 文艺复兴 made a significant 变化 in the 方式 to 学习 and the 传播 of 知识.","As the 当获取知识和进行学习的能力发生如上所述的变化时，获取知识的基本速率也相应地产生变化。 to obtain 知识 and to learn changed in such a 方式 as mentioned above the 基本 速率 at which 知识 was obtained changed. The 方法 to obtaining 信息 was different. No longer did 压力 reside within individual 回忆, but the 当获取知识和进行学习的能力发生如上所述的变化时，获取知识的基本速率也相应地产生变化。 to 回忆 文本 became more of a 重点. In 文艺复兴, the 文艺复兴 made a significant 变化 in the 方法 to 学习 and the 传播 of 知识."
47,"The 互联网 combines 要素 of both mass and interpersonal 传播. The distinct 特点 of the 互联网 lead to additional 维度 in 方面 of the 用途 and 满足方式 方面. For 例如, ""学习"" and ""交际"" are suggested as important 动机 for 互联网 使用 (詹姆斯 et al., 1995). ""个人参与"" and ""持续的关系"" were also identified as new 动机 因素 by 艾麦 and 麦克德 (1998) when they investigated 受众 反应 to 网站.","The 互联网 combines 结合了 of both mass and interpersonal 传播. The distinct 特点 of the 互联网 lead to additional 维度 in 用途 of the 用途 and 满足方式 approach. For 例如, “学习” and “交际” are suggested as important 动机 for 互联网 使用 (詹姆斯 et al., 1995). “个人 参与” and “持续的 关系” were also identified as new 动机 因素 by 艾麦 and 麦克德 (1998) when they investigated 受众 反应 to 网站."
48,"The 互联网 combines 要素 of both mass and interpersonal 传播. The distinct 特点 of the 互联网 lead to additional 维度 in 方面 of the 用途 and 满足方式 方面. For 例如, ""学习"" and ""交际"" are suggested as important 动机 for 互联网 使用 (詹姆斯 et al., 1995). ""个人参与"" and ""持续的关系"" were also identified as new 动机 因素 by 艾麦 and 麦克德 (1998) when they investigated 受众 反应 to 网站.","The 互联网 combines 结合了 of both mass and interpersonal 传播. The distinct 特点 of the 互联网 lead to additional 维度 in 用途 of the 用途 and 满足方式 approach. For 例如, “学习” and “交际” are suggested as important 动机 for 互联网 使用 (詹姆斯 et al., 1995). “Personal 参与” and “持续的 关系” were also identified as new 动机 因素 by 艾麦 and 麦克德 (1998) when they investigated 受众 对 网站的 反应."
49,"Gothic 风格 peaked in the 期 between the 10th - 11th 世纪 and the 14th 世纪. At the 起初, 裙装 was heavily influenced by the Byzantine 文化 in the 东方. However, due to the slow 文化交流 迟缓, 时尚 in the 西方 could lag behind by 25 到 30 年. towards the 末期 of the 中世纪 western 欧洲 began to develop their own 风格. one of the biggest 进步 of the 时 as a 结果 of the 十字军东征 人们 began to use 纽扣 to fasten 衣服.","Gothic 哥特式风格在 peaked in the 世纪到 10 - 11 世纪到 14 世纪达到顶峰。 At the 起初，裙装深受东方拜占庭 文化的影响。 However, due to the slow 文化交流迟缓，西方的 时尚可能落后 25 到 30 年。 towards the 随着中世纪走向末期，西欧 人民逐渐发展出自己的风格。当时最大的 进步之一就是十字军东征后， 人们开始用 纽扣来系 衣服。"
50,"Gothic 风格 peaked in the 期 between the 10th - 11th 世纪 and the 14th 世纪. At the 起初, 裙装 was heavily influenced by the Byzantine 文化 in the 东方. However, due to the slow 文化交流 迟缓, 时尚 in the 西方 could lag behind by 25 到 30 年. towards the 末期 of the 中世纪 western 欧洲 began to develop their own 风格. one of the biggest 进步 of the 时 as a 结果 of the 十字军东征 人们 began to use 纽扣 to fasten 衣服.","Gothic 哥特式风格在 peaked in the 世纪到 10 - 11 世纪到 14 世纪达到顶峰。 At the 起初，裙装深受东方拜占庭 文化的影响。 However, due to the slow 然而，由于文化交流迟缓，西方的 时尚可能落后 25 到 30 年。 towards the 随着中世纪走向末期，西欧人民逐渐发展出自己的 风格。当时最大的 进步之一就是十字军东征后， 人们开始用 纽扣来系 衣服。"
51,"We can start living more friendly to the 环境, we can join to the 环保运动, and we can even be 环保积极分子 in 订单 to reduce the future 灾难 in some 程度. This is just like symptomatic 症状疗法 in many 情况. However, if we do not only want a temporary 解决方案, then we should find the 根源 of the 问题, and we should deactivate them. It is obvious enough that the 世界 has changed much because of 人类's scientific and technological 进步, and 问题 have become greater because of 人口过剩 and 人类's extravagant 生活方式.","We can start living more friendly to the 环境, we can join to the 环保运动, and we can even be 环保积极分子 in order to reduce the future 灾难 in some 程度. This is just like symptomatic 症状疗法 in many 情况下. However, if we do not only want a temporary 解决方案, then we should find the 根源 of the 问题, and we should deactivate them. It is obvious enough that the 世界 has changed much because of 人类's scientific and technological 进步, and 问题 have become greater because of 人口过剩 and 人类's extravagant 生活方式."
52,"We can start living more friendly to the 环境, we can join to the 环保运动, and we can even be 环保积极分子 in 一定程度 to reduce the future 灾难 in some 程度. This is just like symptomatic 症状疗法 in many 情况. However, if we do not only want a temporary 解决方案, then we should find the 根源 of the 问题, and we should deactivate them. It is obvious enough that the 世界 has changed much because of 人类's scientific and technological 进步, and 问题 have become greater because of 人口过剩 and 人类's extravagant 生活方式.","We can start living more friendly to the 环境, we can join to the 环保运动, and we can even be 环保积极分子 in 一定程度上 to reduce the future 灾难. This is just like 症状疗法 in many 情况下. However, if we do not only want a temporary 解决方案, then we should find the 根源 of the 问题, and we should deactivate them. It is obvious enough that the 世界 has changed much because of 人类's scientific and technological 进步, and 问题 have become greater because of 人口过剩 and 人类's extravagant 生活方式."
53,"The 权力的平衡 was a 制度 in which European 国家 sought to maintain the national 主权 of all European 国家. The 理念 was that all European 国家 had to seek to prevent one 国家/地区 from becoming powerful, and thus national 政府 often changed their 盟友 in 为了 to maintain the 平衡. The 战 of Spanish 继承权 marked the first 战 whose central 问题 was the 权力平衡. This marked an important 变化, as European 大国 would no longer have the 借口 of being religious 战争. Thus, the Thirty 年战争 would be the last 战 to be labeled a religious 战争.","The 权力的平衡 of 权力 was a 权力的平衡是欧洲国家寻求维护全体欧洲国家国家主权的制度。 in which European 国家 sought to maintain the national 主权 of all European 国家. The 理念 was that all European 国家 had to seek to prevent one 国家 from becoming powerful, and thus national 政府 often changed their 盟友 in 权力的平衡是欧洲国家寻求维护全体欧洲国家国家主权的制度。 to maintain the 权力的平衡. The 西班牙继承权之战 marked the first 战争 whose central 问题 was the 权力的平衡 of 权力. This marked an important 变化, as European 大国 would no longer have the 借口 of being 宗教 战争. Thus, the 三十年 战争 would be the last 战争 to be labeled a 宗教 战争."
54,"The 权力的平衡 was a 制度 in which European 国家 sought to maintain the national 主权 of all European 国家. The 理念 was that all European 国家 had to seek to prevent one 国家 from becoming powerful, and thus national 政府 often changed their 盟友 in 为了 to maintain the 平衡. The 战 of Spanish 继承权 marked the first 战 whose central 问题 was the 权力的平衡. This marked an important 变化, as European 大国 would no longer have the 借口 of being religious 战争. Thus, the Thirty 年 战争 would be the last 战 to be labeled a religious 战争.","The 权力的平衡 was a 权力的平衡是欧洲国家寻求维护全体欧洲国家国家主权的制度。 in which European 国家 sought to maintain the national 权力的平衡是欧洲国家寻求维护全体欧洲国家国家主权的制度。 of all European 权力的平衡是欧洲国家寻求维护全体欧洲国家国家主权的制度。 The 这种理念是，所有欧洲国家必须设法阻止某个国家/地区独自变得强大，因此，各国政府为了保持平衡经常更换盟友。 was that all European 国家 had to seek to prevent one 这种理念是，所有欧洲国家必须设法阻止某个国家/地区独自变得强大，因此，各国政府为了保持平衡经常更换盟友。 from becoming powerful, and thus national 这种理念是，所有欧洲国家必须设法阻止某个国家/地区独自变得强大，因此，各国政府为了保持平衡经常更换盟友。 often changed their 这种理念是，所有欧洲国家必须设法阻止某个国家/地区独自变得强大，因此，各国政府为了保持平衡经常更换盟友。 in 这种理念是，所有欧洲国家必须设法阻止某个国家/地区独自变得强大，因此，各国政府为了保持平衡经常更换盟友。 to maintain the 权力的平衡是欧洲国家寻求维护全体欧洲国家国家主权的制度。 The 西班牙继承权之战标志着第一场以权力平衡为核心问题的战争。 marked the first 西班牙继承权之战标志着第一场以权力平衡为核心问题的战争。 whose central 西班牙继承权之战标志着第一场以权力平衡为核心问题的战争。 was the 权力的平衡是欧洲国家寻求维护全体欧洲国家国家主权的制度。 This marked an important 这标志着一个重要的变化，因为欧洲大国将无法再以宗教战争为借口。因此，三十年战争将是最后一场被贴上宗教战争标签的战争。, as European 大国将无法再以宗教战争为借口。因此，三十年战争将是最后一场被贴上宗教战争标签的战争。 would no longer have the 这标志着一个重要的变化，因为欧洲大国将无法再以宗教战争为借口。因此，三十年战争将是最后一场被贴上宗教战争标签的战争。 of being 宗教战争为借口。因此，三十年战争将是最后一场被贴上宗教战争标签的战争。 Thus, the 三十年战争将是最后一场被贴上宗教战争标签的战争。 would be the last 西班牙继承权之战标志着第一场以权力平衡为核心问题的战争。 to be labeled a 宗教战争为借口。因此，三十年战争将是最后一场被贴上宗教战争标签的战争。"
55,"During this 时期 of European 历史, the 天主教会, which had become rich and powerful, came under 监督. For over a thousand 年 the Christian 宗教 had bound European 国家 together despite 差异 in 语言 and 习俗. Its all-pervading 力量 affected 每一个人 from 国王 to 平民. One of the main Christian 信条 is that 财富 should be used to alleviate 痛苦 and 贫困 and that the monetary 基金 of the 教会 are there specifically for that 原因. The central 权力 of the 教会 had been in 罗马 for over a thousand 年 and this 集中 of 权力 and 金钱 led many to question whether this 信条 was being met.",During this 在欧洲历史上的这段时期，已然富有而强大起来的天主教会受到了密切监督。 For over a thousand 尽管欧洲各国语言和习俗各不相同，但一千多年来，基督教把它们联系在了一起。 Its all-pervading 从国王到平民，它遍布十方的力量影响着每一个人。 One of the main 基督教的主要信条之一是财富应该用来减轻痛苦和贫困，而教会的货币基金就是专门为此而设立的。 The central 教会中央集权制在罗马存在了一千多年，这种权力和金钱的集中让许多人开始质疑，他们是否遵守了这一信条。
56,"The terrified 国王 路易 XVI, 王后 玛丽·安托瓦内特 their two 孩子 (11 岁 old 玛丽·特蕾莎 and four 岁 old 路易斯·查尔斯) and the King's 妹妹, 夫人 伊丽莎白, on the 6th 10月 1789 were forced back to 巴黎 from 凡尔赛 by a 暴民 of 集市 妇女. In a 马车, they traveled back to 巴黎 surrounded by a 暴民 of 人 screaming and shouting 威胁 against the 国王 and 王后. The 暴民 of 人 forced the 国王 And 王后 to have their 马车 窗户 wide open. At one 度 a 成员 of the 暴民 waved the 头颅 of a royal 卫士 killed at 凡尔赛 in 面 of the terrified 王后.","The terrified 国王路易十六, 王后玛丽·安托瓦内特 their two young 孩子 (11 岁的玛丽·特蕾莎 and four 岁的路易斯·查尔斯) and the 国王's 妹妹, 伊丽莎白夫人, on the 6th 10 1789 were forced back to 巴黎 from 凡尔赛 by a 暴民 of 集市 妇女. In a 马车, they traveled back to 巴黎 surrounded by a 暴民 of 人 screaming and shouting 威胁 against the 国王 and 王后. The 暴民 of 人 forced the 国王 And 王后 to have their 马车 窗户 wide open. At one 点 a 成员 of the 暴民 waved the 头 of a 皇家 卫士 killed at 凡尔赛 in front of the terrified 王后."
57,"The terrified 国王 路易 XVI, 王后 玛丽·安托瓦内特 their two 孩子 (11 岁 old 玛丽·特蕾莎 and four 岁 old 路易斯·查尔斯) and the King's 妹妹, 夫人 伊丽莎白, on the 6th 10月 1789 were forced back to 巴黎 from 凡尔赛 by a 暴民 of 集市 妇女. In a 马车, they traveled back to 巴黎 surrounded by a 暴民 of 人 screaming and shouting 威胁 against the 国王 and 王后. The 暴民 of 人 forced the 国王 And 王后 to have their 马车 窗户 wide open. At one 度 a 成员 of the 暴民 waved the 头颅 of a royal 卫士 killed at 凡尔赛 in 面 of the terrified 王后.","The terrified 国王路易十六, 王后玛丽·安托瓦内特 their two young 孩子 (11 岁的玛丽·特蕾莎 and four 岁的路易斯·查尔斯) and the 国王's 妹妹, 伊丽莎白夫人, on the 6th 10 1789 were forced back to 巴黎 from 凡尔赛 by a 暴民 of 集市 妇女. In a 马车, they traveled back to 巴黎 surrounded by a 暴民 of 人 screaming and shouting 威胁 against the 国王 and 王后. The 暴民 of 人 forced the 国王 And 王后 to have their 马车 窗户 wide open. At one 点 a 成员 of the 暴民 waved the 头 of a 皇家 卫士 killed at 凡尔赛 in 前面 of the terrified 王后."
58,"Soon after the 敌对行动爆发 of 敌对行动, 英国 initiated a naval 封锁 of 德国. The 战略 proved effective, cutting off vital military and civilian 物资供应, although this 封锁 violated generally accepted international 法 codified by several international 协定 of the past two 世纪. 英国 mined international 水域 to prevent any 船只 from entering entire 海域 of 海域, causing 威胁 to even neutral 船只. Since there was limited 响应 to this 战略, 德国 expected a similar 响应 to its unrestricted 潜艇 战.","Soon after the 敌对行动爆发 of 敌对行动爆发, 英国 initiated a naval 海上封锁 of 德国. The 他们切断了生死攸关的军事和民用物资供应 proved effective, cutting off vital military and civilian 他们切断了生死攸关的军事和民用物资供应, although this 海上封锁 violated generally accepted international 法 codified by several international 协定 of the past two 世纪. 英国 mined international 水域 to prevent any 船只 from entering entire 整片海域 of 海域, causing 危险 to even neutral 船只. Since there was limited 响应 to this 战略, 德国 expected a similar 响应 to its unrestricted 潜艇 战."
59,"Soon after the 敌对行动爆发 of 敌对行动, 英国 initiated a naval 封锁 of 德国. The 战略 proved effective, cutting off vital military and civilian 物资供应, although this 封锁 violated generally accepted international 法 codified by several international 协定 of the past two 世纪. 英国 mined international 水域 to prevent any 船只 from entering entire 海域 of 海域, causing 威胁 to even neutral 船只. Since there was limited 响应 to this 战略, 德国 expected a similar 响应 to its unrestricted 潜艇 战.","Soon after the 敌对行动爆发 of 敌对行动爆发, 英国 initiated a naval 敌对行动爆发 of 德国. The 他们切断了生死攸关的军事和民用物资供应 proved effective, cutting off vital military and civilian 他们切断了生死攸关的军事和民用物资供应, although this 他们切断了生死攸关的军事和民用物资供应 violated generally accepted international 他们切断了生死攸关的军事和民用物资供应 codified by several international 他们切断了生死攸关的军事和民用物资供应 of the past two 他们切断了生死攸关的军事和民用物资供应. 英国 mined international 英国在国际水域布雷, 防止任何船只进入整片海域, 甚至对中立国船只也构成威胁 to prevent any 英国在国际水域布雷, 防止任何船只进入整片海域, 甚至对中立国船只也构成威胁 from entering entire 英国在国际水域布雷, 防止任何船只进入整片海域, 甚至对中立国船只也构成威胁 of 英国在国际水域布雷, 防止任何船只进入整片海域, 甚至对中立国船只也构成威胁, causing 英国在国际水域布雷, 防止任何船只进入整片海域, 甚至对中立国船只也构成威胁 to even neutral 英国在国际水域布雷, 防止任何船只进入整片海域, 甚至对中立国船只也构成威胁. Since there was limited 因为对这一战略的响应有限, 德国期望其无限制潜艇战也能有类似的响应 to this 因为对这一战略的响应有限, 德国期望其无限制潜艇战也能有类似的响应, 德国 expected a similar 因为对这一战略的响应有限, 德国期望其无限制潜艇战也能有类似的响应 to its unrestricted 因为对这一战略的响应有限, 德国期望其无限制潜艇战也能有类似的响应."
60,"Across the 美国 的各个地区，约有 40 万例多发性硬化症 (MS) 病例，这一疾病已经成为中青年的主要神经系统疾病。 多发性硬化 is a 疾病 that affects the central nervous 系统, which is made up of the 脑, the spinal 脊髓 and the optic 视神经. 研究 has found that 女性 are two 倍 more likely to have MS then 男性.","Across 在美国的各个地区，约有 400,000 known 万例多发性硬化症 (MS), leaving it as the leading neurological 多发性硬化是一种影响中枢神经系统（由脑、脊髓和视神经组成）的疾病。 MS 是 a 多发性硬化是一种影响中枢神经系统（由脑、脊髓和视神经组成）的疾病。 that affects the central nervous 多发性硬化是一种影响中枢神经系统（由脑、脊髓和视神经组成）的疾病。, which is made up of the 脑, the spinal 脊髓 and the optic 视神经。 研究发现，女性 患多发性硬化症 (MS) 的几率是男性 的两倍。"
61,"The 研究 found that 抑郁, 恐惧 and 把病情灾难化的情绪 mediated the 关系 between 疼痛 and 残疾 in lower 腰 疼痛 患者. Only the 影响 of 杞人忧天思维, not 抑郁 and 恐惧 was conditional of regular weekly structured 体育锻炼 sessions. Those participating in regular 训练 required more 支持 in 方面 of negative 感知 of 疼痛 distinguishing the 区别 of chronic 疼痛 and 不适感 感 from normal physical 运动.",The 研究发现，抑郁、恐惧以及把病情灾难化的情绪，在腰疼患者的疼痛和残疾中起到了中介作用。 found that 研究发现，抑郁、恐惧以及把病情灾难化的情绪，在腰疼患者的疼痛和残疾中起到了中介作用。 mediated the 研究发现，抑郁、恐惧以及把病情灾难化的情绪，在腰疼患者的疼痛和残疾中起到了中介作用。 between 研究发现，抑郁、恐惧以及把病情灾难化的情绪，在腰疼患者的疼痛和残疾中起到了中介作用。 and 研究发现，抑郁、恐惧以及把病情灾难化的情绪，在腰疼患者的疼痛和残疾中起到了中介作用。 in lower 研究发现，抑郁、恐惧以及把病情灾难化的情绪，在腰疼患者的疼痛和残疾中起到了中介作用。 研究发现，抑郁、恐惧以及把病情灾难化的情绪，在腰疼患者的疼痛和残疾中起到了中介作用。 只有杞人忧天思维的影响，而不是沮丧和恐惧的影响，才能有条件地每周定期进行结构性体育锻炼。 Only the 只有杞人忧天思维的影响，而不是沮丧和恐惧的影响，才能有条件地每周定期进行结构性体育锻炼。 of 只有杞人忧天思维的影响，而不是沮丧和恐惧的影响，才能有条件地每周定期进行结构性体育锻炼。 not 只有杞人忧天思维的影响，而不是沮丧和恐惧的影响，才能有条件地每周定期进行结构性体育锻炼。 and 只有杞人忧天思维的影响，而不是沮丧和恐惧的影响，才能有条件地每周定期进行结构性体育锻炼。 was conditional of regular weekly structured 体育锻炼。 Those participating in regular 参与定期训练的人在对疼痛的被动感知方面需要更多支持，以帮助他们区分慢性疼痛和不适感与正常身体运动的区别。 required more 参与定期训练的人在对疼痛的被动感知方面需要更多支持，以帮助他们区分慢性疼痛和不适感与正常身体运动的区别。 in 参与定期训练的人在对疼痛的被动感知方面需要更多支持，以帮助他们区分慢性疼痛和不适感与正常身体运动的区别。 of negative 参与定期训练的人在对疼痛的被动感知方面需要更多支持，以帮助他们区分慢性疼痛和不适感与正常身体运动的区别。 distinguishing the 参与定期训练的人在对疼痛的被动感知方面需要更多支持，以帮助他们区分慢性疼痛和不适感与正常身体运动的区别。 of chronic 参与定期训练的人在对疼痛的被动感知方面需要更多支持，以帮助他们区分慢性疼痛和不适感与正常身体运动的区别。 and 参与定期训练的人在对疼痛的被动感知方面需要更多支持，以帮助他们区分慢性疼痛和不适感与正常身体运动的区别。 参与定期训练的人在对疼痛的被动感知方面需要更多支持，以帮助他们区分慢性疼痛和不适感与正常身体运动的区别。 from normal physical 参与定期训练的人在对疼痛的被动感知方面需要更多支持，以帮助他们区分慢性疼痛和不适感与正常身体运动的区别。
62,"The modern 击剑运动 is played at many 级别, from 大学学生 learning at a 大学 to professional and Olympic 竞技. The 运动 is primarily played in a 对决 形式, one 击剑手 dueling another.","The modern 运动 of 击剑 is played at many 级别, from 学生 learning at a 大学 to professional and Olympic 竞技. The 运动 is primarily played in a 对决 形式, one 击剑手 dueling another."
63,"Internal 中毒 may not be immediately apparent. 症状, such as 呕吐 are sufficiently general that an immediate 诊断 cannot be made. The best 指示物 of internal poisoning may be the 现场 of an open 容器 of 药物 or toxic 家用 化学品. Check the 标签 for specific first 急救 指引 for that specific 毒药.",Internal 体内中毒可能不会立即显现出来，呕吐等症状十分普遍，因此不能立即作出诊断。 体内中毒可能不会立即显现出来，呕吐等症状十分普遍，因此不能立即作出诊断。，such as 呕吐等症状十分普遍，因此不能立即作出诊断。 are sufficiently general that an immediate 体内中毒可能不会立即显现出来，呕吐等症状十分普遍，因此不能立即作出诊断。 cannot be made. The best 摄入毒物的最有力指示物可能是现场被打开的容器，里面装有药物或家用有毒化学品。 of internal 体内中毒可能不会立即显现出来，呕吐等症状十分普遍，因此不能立即作出诊断。 may be the 摄入毒物的最有力指示物可能是现场被打开的容器，里面装有药物或家用有毒化学品。 of an open 摄入毒物的最有力指示物可能是现场被打开的容器，里面装有药物或家用有毒化学品。，里面装有药物或家用有毒化学品。 or toxic 家用有毒化学品。 Check the 查看毒药上的标签，获得具体急救指引。 for specific first 查看毒药上的标签，获得具体急救指引。 for that specific 体内中毒可能不会立即显现出来，呕吐等症状十分普遍，因此不能立即作出诊断。
64,"To Check the 受害者, you must first survey the 现场 to ensure your 安全. You need to notice the 受害者's 姿势 as you approach him or her and any automatic red 危险信号. If you get hurt trying to help, you may only serve to make 事情 worse.","To Check the 受害者, you must first survey the 现场 to ensure your 安全. You need to notice the 受害者's 姿势 as you approach him or her and any automatic 危险信号. If you get hurt trying to help, you may only serve to make 事情 worse."
65,"To Check the 受害者, you must first survey the 现场 to ensure your 安全. You need to notice the 受害者's 姿势 as you approach him or her and any automatic 危险信号. If you get hurt trying to help, you may only serve to make 事情 worse.","To Check the 受害者, you must first survey the 现场 to ensure your 安全. You need to notice the 受害者's 姿势 as you approach him or her and any automatic 危险信号. If you get hurt trying to help, you may only serve to make 事情 worse."
66,"There are a 许多 of social and political 影响 such as the 使用 of 度量单位 系统, a 转变 from 专制 to 共和制, 民族主义 and the 相信 the 国家 belongs to the 人民 not to one sole 统治者. Also after the 革命 官职 were open to all male 申请 allowing the most ambitious and successful to succeed. Same goes for the 军队 because instead of 军衔 being based on 等级 they were now based on 才干. The 法国 Revolution also inspired many other repressed 工人阶级 people of other country's to began their own 革命.",还有许多社会和政治影响，例如度量单位的使用、从专制到共和制的转变、民族主义、相信国家不属于唯一的统治者而是属于人民。 此外，在革命之后，官职面向全体男性开放申请，这使得最有抱负、最成功之人有机会飞黄腾达。 军队亦然，因为军衔的高低不再基于等级，而是基于才干。 法国大革命也鼓舞了许多其他国家被压迫的工人阶级，开始他们自己的革命。
67,"There are a 许多 of social and political 影响 such as the 使用 of 度量单位 系统, a 转变 from 专制 to 共和制, 民族主义 and the 相信 the 国家 belongs to the 人民 not to one sole 统治者. Also after the 革命 官职 were open to all male 申请 allowing the most ambitious and successful to succeed. Same goes for the 军队 because instead of 军衔 being based on 等级 they were now based on 才干. The 法国 Revolution also inspired many other repressed 工人阶级 people of other country's to began their own 革命.",还有许多社会和政治影响，例如度量单位的使用、从专制到共和制的转变、民族主义、相信国家不属于唯一的统治者而是属于人民。 此外，在革命之后，官职面向全体男性开放申请，这使得最有抱负、最成功之人有机会飞黄腾达。 军队亦然，因为军衔的高低不再基于等级，而是基于才干。 法国大革命也鼓舞了许多其他国家被压迫的工人阶级，开始他们自己的革命。
68,"每个人 participates in 社会 and uses 交通 系统. Almost 每个人 complains about 交通 系统. In developed 国家 you seldom hear similar 程度 of 投诉 about 水质 or 桥梁 falling down. Why do 交通 系统 engender such complaints, why do they fail on a daily 基础? Are 交通 工程师 just incompetent? Or is 有更根本的原因 more fundamental going on?",每个人都是社会的一份子，都会使用交通系统。而几乎每个人都对交通系统有怨言。 在发达国家，你甚少会听到关于水质或桥梁倒塌类似程度的投诉。 为什么交通系统会引起这样的投诉，为什么它们每天都会出故障？是交通工程师不称职吗？或者是有更根本的原因？
69,"每个人 participates in 社会 and uses 交通 系统. Almost 每个人 complains about 交通 系统. In developed 国家 you seldom hear similar 程度 of 投诉 about 水 质量 or 桥梁 falling down. Why do 交通 系统 engender such complaints, why do they fail on a daily 基础? Are 交通 工程师 just incompetent? Or is 有更根本的原因 fundamental going on?",每个人都是社会的一份子，都会使用交通系统。而几乎每个人都对交通系统有怨言。 在发达国家，你甚少会听到关于水质或桥梁倒塌类似程度的投诉。 为什么交通系统会引起这样的投诉，为什么它们每天都会出故障？是交通工程师不称职吗？或者是有更根本的原因？
70,"交通流量 is the 研究 of the 运动 of individual 驾驶员 and 车辆 between two 点 and the 相互作用 they make with one another. Unfortunately, studying 车流 is difficult because 驾驶员 行为 cannot be predicted with one-hundred 百分之百 确定的预测. Fortunately, 司机 tend to 行为 within a reasonably consistent 范围; thus, traffic 流量 tend to have some reasonable 一致性 and can be roughly represented 数学方式. To better represent 交通流量, 关系 have been established between the three main 特征: (1) 流量, (2) 密度, and (3) 速度. These 关系 help in 规划, 设计, and 运营 of 道路 设施.",交通流量研究的是驾驶员和车辆在两点之间的运动，以及它们之间的相互作用。遗憾的是，研究车流很困难，因为不能对驾驶员的行为进行百分之百确定的预测。幸运的是，司机的行为往往在一个合理的一致性范围内；因此，交通流量往往具有一定的合理一致性，可以粗略地用数学方式表示。为了更好地表示交通流量，在以下三个主要特征之间建立了关系：(1) 流量、(2) 密度和 (3) 速度。 这些关系对道路设施的规划、设计和运营有帮助。
71,"交通流量 is the 研究 of the 运动 of individual 驾驶员 and 车辆 between two 点 and the 相互作用 they make with one another. Unfortunately, studying 车流 is difficult because 驾驶员 行为 cannot be predicted with one-hundred 百分之百 确定的预测. Fortunately, 司机 tend to behave within a reasonably consistent 范围; thus, traffic 流量 tend to have some reasonable 一致性 and can be roughly represented mathematically. To better represent 交通流量, 关系 have been established between the three main 特征: (1) 流量, (2) 密度, and (3) 速度. These 关系 help in 规划, 设计, and 运营 of 道路 facilities.",交通流量研究的是驾驶员和车辆在两点之间的运动，以及它们之间的相互作用。 遗憾的是，研究车流很困难，因为不能对驾驶员的行为进行百分之百确定的预测。 幸运的是，司机的行为往往在一个合理的一致性范围内；因此，交通流量往往具有一定的合理一致性，可以粗略地用数学方式表示。 为了更好地表示交通流量，在以下三个主要特征之间建立了关系：(1) 流量、(2) 密度和 (3) 速度。 这些关系对道路设施的规划、设计和运营有帮助。
72,The 赫希及崔斯（Hershey and Chase）的实验，是说明 DNA was a genetic 是遗传物质的主要迹象依据之一。 赫尔希和蔡斯利用噬菌体或病毒，将他们自己的 DNA 植入到细菌之中。 They did two 实验 marking either the DNA in the 噬菌体 with a radioactive 磷 or the 蛋白质 of the 噬菌体 with radioactive 硫.,The 赫希及崔斯（Hershey and Chase）的实验，是说明 and Chase）的实验，是说明 DNA 是遗传物质的主要迹象依据之一。 赫尔希和蔡斯利用噬菌体或病毒，将他们自己的 DNA 植入到细菌之中。 They did two 他们做了两个实验，一个是用放射性磷标记噬菌体的 DNA，一个是用放射性硫标记噬菌体的 蛋白质。
73,"突变 can have a 各种各样 of different 影响 depending on the 类型 of 突变, the 重要性 of the 遗传物质 affected and whether the 细胞 affected are 生殖系细胞. Only 突变 in 生殖细胞 can be passed on to 孩子, while 突变 elsewhere can cause 细胞死亡 or 癌症.",突变会产生各种各样不同的影响，这取决于突变的类型、受影响遗传物质的重要性以及受影响的细胞是否为生殖系细胞。只有生殖细胞的突变才会遗传给孩子，而其他细胞的突变则会导致细胞死亡或癌症。
74,"突变 can have a 各种各样 of different 影响 depending on the 类型 of 突变, the 重要性 of the 遗传物质 affected and whether the 细胞 affected are 生殖系细胞. Only 突变 in 生殖细胞 can be passed on to 孩子, while 突变 elsewhere can cause 细胞死亡 or 癌症.",突变会产生各种各样不同的影响，这取决于突变的类型、受影响遗传物质的重要性以及受影响的细胞是否为生殖系细胞。 只有生殖细胞的突变才会遗传给孩子，而其他细胞的突变则会导致细胞死亡或癌症。
75,"山羊 seem to have been first domesticated roughly 万年 ago in the 扎格罗斯山脉 of 伊朗. Ancient 文明 and 部落 began to keep them for easy 食用和使用 to 奶, 毛, 肉, and 皮. Domestic 山羊 were generally kept in 成群 that wandered on 山上 or other 牧区, often tended by 牧山羊人 who were frequently 儿童 or 青少年, similar to the more widely known 牧羊人. These 放牧方法 of 放牧 are still used 至今.",山羊似乎是万年前左右在伊朗的扎格罗斯山脉首次被驯养的。古代文明和部落开始驯养它们，食用和使用它们的奶、肉、毛和皮。家山羊通常被成群放牧在山上或其他牧区，它们通常由牧山羊人（大多为儿童或青少年）照管，牧山羊人与更广为人知的牧羊人类似。这些放牧方法至今仍在使用。
76,"高尔夫 is a 运动 in which 玩家 use 球杆 to hit 球 into 洞. Eighteen 洞 are played during a regular 比赛, with 球员 usually starting on the first 洞 on the 球场 and finishing on the 第十八洞. The 选手 who takes the fewest 击球次数, or 挥棒次数 of the 球杆, to complete the 球场 获胜. The 比赛 is played on 草地, and the 草 around the 洞 is mown shorter and called the 果岭.","高尔夫 is a 高尔夫是一项玩家用球杆将球击入洞中的运动。 in which 高尔夫是一项玩家用球杆将球击入洞中的运动。 use 高尔夫是一项玩家用球杆将球击入洞中的运动。 to hit 高尔夫是一项玩家用球杆将球击入洞中的运动。 into 高尔夫是一项玩家用球杆将球击入洞中的运动。. 常规比赛一轮要打十八洞，球员通常从球场的第一洞开始，到第十八洞结束。 The 高尔夫是一项玩家用球杆将球击入洞中的运动。 who takes the fewest 以最少击球次数或挥棒次数完成比赛的选手获胜。, or 以最少击球次数或挥棒次数完成比赛的选手获胜。 of the 高尔夫是一项玩家用球杆将球击入洞中的运动。, to complete the 以最少击球次数或挥棒次数完成比赛的选手获胜。 以最少击球次数或挥棒次数完成比赛的选手获胜。. The 高尔夫是一项玩家用球杆将球击入洞中的运动。 is played on 比赛是在草地上进行的，洞周围的草被修剪得更短，被称为果岭。, and the 比赛是在草地上进行的，洞周围的草被修剪得更短，被称为果岭。 around the 高尔夫是一项玩家用球杆将球击入洞中的运动。 is mown shorter and called the 以最少击球次数或挥棒次数完成比赛的选手获胜。."
77,"高尔夫 is a 运动 in which 玩家 use 球杆 to hit 球 into 洞. Eighteen 洞 are played during a regular 比赛, with 球员 usually starting on the first 洞 on the 球场 and finishing on the 第十八洞. The 选手 who takes the fewest 击球次数, or 挥棒次数 of the 球杆, to complete the 球场 获胜. The 比赛 is played on 草地, and the 草 around the 洞 is mown shorter and called the 果岭.","高尔夫 is a 高尔夫是一项玩家用球杆将球击入洞中的运动。 in which 高尔夫是一项玩家用球杆将球击入洞中的运动。 use 高尔夫是一项玩家用球杆将球击入洞中的运动。 to hit 高尔夫是一项玩家用球杆将球击入洞中的运动。 into 高尔夫是一项玩家用球杆将球击入洞中的运动。. 常规比赛一轮要打十八洞，球员通常从球场的第一洞开始，到第十八洞结束。 The 高尔夫是一项玩家用球杆将球击入洞中的运动。 who takes the fewest 以最少击球次数或挥棒次数完成比赛的选手获胜。, or 以最少击球次数或挥棒次数完成比赛的选手获胜。 of the 高尔夫是一项玩家用球杆将球击入洞中的运动。, to complete the 以最少击球次数或挥棒次数完成比赛的选手获胜。 以最少击球次数或挥棒次数完成比赛的选手获胜。. 比赛是在草地上进行的，洞周围的草被修剪得更短，被称为果岭。"
78,"科学's main 目的 is to figure out the 世界 works through the scientific 方法. This 方法 in 实际上 guides most scientific 研究. It isn't alone though, 实验, and an 实验 is a 试验 that is used to eliminate one or more of the possible 假设, asking questions, and making 观察 also guide scientific 研究.","科学’s main 目的是 to figure out the 方式 the 世界 works through the 科学 方法. This 方法 in 事实 guides most 科学 研究. It isn’t alone though, 实验, and an 实验 is a 测试 that is used to eliminate one or more of the possible 假设, asking questions, and making 观察 also guide 科学 研究."
79,"科学's main 目的 is to figure out the 世界 works through the scientific 方法. This 方法 in 实际上 guides most scientific 研究. It isn't alone though, 实验, and an 实验 is a 试验 that is used to eliminate one or more of the possible 假设, asking questions, and making 观察 also guide scientific 研究.","科学’s main 目的是 to figure out the 方式 the 世界 works through the 科学 方法. This 方法 in 事实 guides most 科学 研究. It isn’t alone though, 实验, and an 实验 is a 测试 that is used to eliminate one or more of the possible 假设, asking questions, and making 观察 also guide 科学 研究."
80,"龙卷风 strike a small 区域 compared to other violent 风暴, but they can destroy 一切 in their 途经. 龙卷风 uproot 树木, 撕 木板 from 建筑物, and fling 汽车 up into the 天空. The most violent two 百分之二 of 龙卷风 last more than three 小时. These 怪物 storms have 风速 up to 480 公里（133 m/s; 300 mph）.","龙卷风 strike a small 区域 compared to other violent 风暴, but they can destroy 一切 in their path. 龙卷风 uproot 树木, 撕 木板 from 建筑物, and fling 汽车 up into the 天空. The most violent two 百分之 of 龙卷风 last more than three 小时. These 怪物 风暴 have 风速 up to 480 公里 (133 m/s; 300 mph)."
81,"龙卷风 strike a small 区域 compared to other violent 风暴, but they can destroy 一切 in their 途经. 龙卷风 uproot 树木, 撕 木板 from 建筑物, and fling 汽车 up into the 天空. The most violent two 百分之二 of 龙卷风 last more than three 小时. These 怪物 storms have 风速 up to 480 公里（133 m/s; 300 mph）.",与其他猛烈的风暴相比，龙卷风袭击的区域较小，但可以摧毁途经的一切。龙卷风能将树木连根拔起，将建筑物上的木板撕下，把汽车抛向天空。龙卷风中的百分之二最为猛烈，能持续肆虐三小时以上。这些怪物般的风暴，风速高达每小时 480 公里（133 m/s; 300 mph）。
82,"人类 have been making and using 放大镜 for 放大 for 几千年 and 几千年 of 年. However, the first true 望远镜 were made in 欧洲 in the late 16th 世纪. These 望远镜 used a 组合 of two 透镜 to make distant 物体 appear both nearer and larger.","人类 have been making and using 透镜 for 放大 for 几千 and 几千 of 年. However, the first true 望远镜 were made in 欧洲 in the late 16 世纪. These 望远镜 used a 组合 of two 透镜 to make distant 物体 appear both nearer and larger."
83,"人类 have been making and using 放大镜 for 放大 for 几千年 and 几千年 of 年. However, the first true 望远镜 were made in 欧洲 in the late 16th 世纪. These 望远镜 used a 组合 of two 透镜 to make distant 物体 appear both nearer and larger.","人类 have been making and using 透镜 for 放大 for 几千 and 几千 of 年. However, the first true 望远镜 were made in 欧洲 in the late 16 世纪. These 望远镜 used a 组合 of two 透镜 to make distant 物体 appear both nearer and larger."
84,"穆罕默德 was deeply interested in 事 beyond this mundane 生活. He used to frequent a 山洞 that became known as ""希拉"" on the 山 of ""努尔"" (光明) for 冥想. he 山洞 itself, which survived the 时间, gives a very vivid 形象 of 穆罕默德's spiritual 意向. Resting on the 山顶 of one of the 群山 north of 麦加, the 山洞 is completely isolated from the rest of the 世界. In 事实, it is not easy to find at all even if one knew it existed. Once inside the 山洞, it is a total 隔绝. 什么 can be seen other than the clear, beautiful 天空 above and the many surrounding 群山. Very little of this 世界 can be seen or heard from inside the 山洞.",穆罕默德对尘世生活之外的事十分感兴趣。他以前经常到“努尔”（光明）山上一个叫做”希拉“的山洞里去冥想。 该洞穴本身，不仅经受住时间考验而保留下来，还为穆罕默德的灵性意向带来极其生动的形象。 该洞穴坐落在麦加 (Mecca) 北部的一座山顶上，与外界完全隔绝。 事实上，即使知道它的存在，也不容易找到。一旦进入洞穴，就完全与世隔绝了。 除了清澈美丽的天空和周围的群山，什么也看不见。在洞穴中，几乎看不到也听不到外界的景象和声音。
85,"货车道 were built in 英国 as early as the 16 世纪. Although 货车道 merely consisted of parallel 木板 of 木, they allowed 马 pulling them to achieve greater 速度 and pull larger 货 than on the slightly more rough 道路 of the 日. 轨枕 were introduced fairly early to hold the 铁轨 in 位置. Gradually, however, it was realised that 铁轨 would be more efficient if they had a 铁片 of 铁 on the 顶部. This became common 做法, but the 铁 caused more 磨损 on the wooden 轮子 of the 马车. Eventually, wooden 轮子 were replaced by 铁轮. In 1767, the first full-铁轨 were introduced.","货车道 were built in 英国早在 16 世纪就修建了货车道。 虽然 货车道 merely consisted of parallel 木板 of 木, they allowed 马拉轨道车 pulling them to achieve greater 跑得更快 and 拉得更多 than on the slightly more rough 道路 of the 略显坎坷的道路而言. 轨枕 were introduced fairly early to hold the 铁轨 in 固定铁轨. Gradually, however, it was realised that 铁轨 would be more efficient if they had a stip of 铁 on the top. This became common 普遍做法, but the 铁 caused more 磨损 on the 木制的 轮子 of the 马车. Eventually, 木轮 were replaced by 铁轮. In 1767 年，第一条全铁轨道问世."
86,"货车道 were built in 英国 as early as the 16th 世纪. Although 马拉轨道车 merely consisted of parallel 木板 of 木, they allowed 马 pulling them to achieve greater 速度 and pull larger 货 than on the slightly more rough 道路 of the 当时. 轨枕 were introduced fairly early to hold the 铁轨 in 位置. Gradually, however, it was realised that 铁轨 would be more efficient if they had a 铁片 of 铁 on the 顶部. This became common 做法, but the 铁 caused more 磨损 on the wooden 轮子 of the 货车. Eventually, wooden 轮子 were replaced by 铁轮. In 1767, the first full-铁轨 were introduced.","货车道 were built in 英国早在 16 世纪就修建了货车道。 Although 货车道 merely consisted of parallel 木板, they allowed 马拉轨道车 pulling them to achieve greater 跑得更快 and 拉得更多 than on the slightly more rough 道路 of the 略显坎坷的道路而言。 轨枕 were introduced fairly early to hold the 铁轨 in 固定铁轨。但是, however, it was realised that 铁轨 would be more efficient if they had a stip of 铁 on the top. This became common 普遍做法, but the 铁 caused more 磨损 on the 木制的 轮子 of the 马车. Eventually, 木轮 were replaced by 铁轮. In 1767 年, the 第一条全铁轨道 were 问世。"
87,"浪漫主义 had a large 元素 of cultural 决定论, drawn from 作家 such as 歌德, 费希特, and 施莱格尔. In the 背景 of 浪漫主义, the 地理 molded 个体, and over 时间 习俗 and 文化 related to that 地理 arose, and these, being in 和谐 with the 地方 of the 社会, were better than arbitrarily imposed 法律.",浪漫主义具有很强的文化决定论色彩。这源于歌德、费希特和施莱格尔等作家。 在浪漫主义的背景下，地理塑造了个体，随着时间的推移，与地理相关的习俗和文化出现了，这些习俗文化因为与社会所处的地方和谐相融，要比任意强加的法律好得多。
88,"""技术决定论 is a 术语 that encompasses a wide 范围 of 思想 in 实践, from 技术推动论 or the 技术必要论 to a strict 定义 that human 命运 is driven by an underlying 逻辑 associated with scientific 定律 and their 表现 in 技术. Most 解释 of technological determinism share two general 思想: that the 发展 of 技术 itself follows a 路径 largely beyond cultural or political 影响, and that 技术 in 反过来 has ""影响"" on 社会 that are inherent, rather than socially conditioned. For 例如, one might say that the 汽车 necessarily leads to the 发展 of 道路. However, a nationwide 公路网 is not economically viable for just a 少数 汽车, so new 方式 of 生产 are developed to reduce the 成本 of car 拥有. 大众 car 保有量 also leads to a higher 发生率 of 事故 on the roads, which leads to the 发明 of new 技术 in 医疗 for repairing damaged 伤处.""","""Technological 技术决定论 is a 术语 that encompasses a wide 范围 of 思想 in 实践, from 技术推动论 or the 技术必要论 to a strict 定义 that human 命运 is driven by an underlying 逻辑 associated with scientific 定律 and their 表现 in 技术. Most 解释 of 技术决定论 share two general 思路: that the 发展 of 技术 itself follows a 路径 largely beyond cultural or political 影响, and that 技术 in 反过来 has ""影响"" on 社会 that are inherent, rather than socially conditioned. For 例如, one might say that the 汽车 necessarily leads to the 发展 of 道路. 然而, a nationwide 公路 网络 is not economically viable for just a 少数 of 汽车, so new 生产 方式 are developed to reduce the 成本 of 汽车 拥有. 大众 汽车 拥有量 also leads to a higher 发生率 of 交通事故 on the 道路, which leads to the 发明 of new 技术 in 医疗 for repairing damaged 身体."""
89,"The ""上弓"" 符号 looks like a V and the ""下弓"" 符号 like a 钉书钉 or a 正方形 missing its bottom 边. 上 means you should start at the 顶端 and push the 弓, and 下 means you should start at the 弓根处 (which is where your 手 is holding the 弓) and pull the 弓. An 上弓 usually generates a softer 声音, while a 下弓 is stronger and more assertive. Feel free to pencil in your own 标记, but remember the printed 音符 are there for a musical 意义, so they should usually be respected.","The ""上弓"" looks like a V and the ""下弓"" like a 钉书钉 or a 正方形 missing its bottom 边. 上 means you should start at the 顶端 and push the 弓, and 下 means you should start at the 弓根 (which is where your 手 is holding the 弓) and pull the 弓. An 上弓 usually generates a softer 声音, while a 下弓 is stronger and more assertive. Feel free to pencil in your own 标记, but remember the printed 弓 marks are there for a musical 原因, so they should usually be respected."
90,"The ""上弓"" 符号 looks like a V and the ""下弓"" 符号 like a 钉书钉 or a 正方形 missing its bottom 边. 上 means you should start at the 顶端 and push the 弓, and 下 means you should start at the 弓根处 (which is where your 手 is holding the 弓) and pull the 弓. An 上弓 usually generates a softer 声音, while a 下弓 is stronger and more assertive. Feel free to pencil in your own 标记, but remember the printed 音符 are there for a musical 意义, so they should usually be respected.","The ""“上弓”符号像字母"" looks like a V and the ""“下弓”符号像是钉书钉或是缺少了底边的正方形。"" like a staple or a square missing its bottom side. 向上指的是从顶端开始推弓，向下指的是从弓根处（也就是手握弓的地方）开始拉弓。 An “上弓”符号像字母 usually generates a softer 声音, while a “下弓”符号像是钉书钉或是缺少了底边的正方形。 is stronger and more assertive. Feel free to pencil in your own 标记, but remember the printed “上弓”符号像字母 are there for a musical 原因, so they should usually be respected."
91,"Unlike other 灵长类动物, 原始人类 no longer use their 双手 in 移动方式 or bearing 重物 or swinging through the 树林. The 黑猩猩's 手 and 脚 are similar in 大小 and 长度, reflecting the 手's 用 for bearing 重物 in 指背 walking. The human 手 is shorter than the 脚, with straighter 指（趾）骨. 化石 hand 骨 two 百万 to three 百万 年 old reveal this 改变 in 特征 of the 手 from 移动方式 to 操作方式.","Unlike other 原始人类与其他灵长类动物不同的地方在于，他们不再用双手移动身体、托起重物、在树林里荡来荡去。, 原始人类与其他灵长类动物不同的地方在于，他们不再用双手移动身体、托起重物、在树林里荡来荡去。 no longer use their 人类的手比脚短，指（趾）骨更直。 in 原始人类与其他灵长类动物不同的地方在于，他们不再用双手移动身体、托起重物、在树林里荡来荡去。 or 承重 or 在树林里荡来荡去。 The 黑猩猩手脚的大小和长度相似，这反映出手在指背行走中用来承重的事实。's 人类的手比脚短，指（趾）骨更直。 and 黑猩猩手脚的大小和长度相似，这反映出手在指背行走中用来承重的事实。 are 黑猩猩手脚的大小和长度相似，这反映出手在指背行走中用来承重的事实。 in 黑猩猩手脚的大小和长度相似，这反映出手在指背行走中用来承重的事实。 and 黑猩猩手脚的大小和长度相似，这反映出手在指背行走中用来承重的事实。, 黑猩猩手脚的大小和长度相似，这反映出手在指背行走中用来承重的事实。 the 人类的手比脚短，指（趾）骨更直。's 原始人类与其他灵长类动物不同的地方在于，他们不再用双手移动身体、托起重物、在树林里荡来荡去。 for 承重 in 原始人类与其他灵长类动物不同的地方在于，他们不再用双手移动身体、托起重物、在树林里荡来荡去。 walking. The 人类的手比脚短，指（趾）骨更直。 is 人类的手比脚短，指（趾）骨更直。 than the 黑猩猩手脚的大小和长度相似，这反映出手在指背行走中用来承重的事实。, with 人类的手比脚短，指（趾）骨更直。 人类的手比脚短，指（趾）骨更直。. 万年前的手骨化石，都无不体现出手部特征，从移动方式到操作方式，经历了改变。 人类的手比脚短，指（趾）骨更直。 two 万到 three 万年前的手骨化石，都无不体现出手部特征，从移动方式到操作方式，经历了改变。 reveal this 万年前的手骨化石，都无不体现出手部特征，从移动方式到操作方式，经历了改变。 in 万年前的手骨化石，都无不体现出手部特征，从移动方式到操作方式，经历了改变。 of the 人类的手比脚短，指（趾）骨更直。 from 原始人类与其他灵长类动物不同的地方在于，他们不再用双手移动身体、托起重物、在树林里荡来荡去。 to 人类的手比脚短，指（趾）骨更直。."
92,"Unlike other 灵长类动物, 原始人类 no longer use their 双手 in 移动方式 or bearing 重物 or swinging through the 树林. The 黑猩猩's 手 and 脚 are similar in 大小 and 长度, reflecting the 手's 用 for bearing 重物 in 指背 行走. The human 手 is shorter than the 脚, with straighter 指（趾）骨. 化石 hand 骨 two 百万 to three 百万 年 old reveal this 改变 in 特征 of the 手 from 移动方式 to 操作方式.","Unlike other 原始人类与其他灵长类动物不同的地方在于，他们不再用双手移动身体、托起重物、在树林里荡来荡去。, 原始人类与其他灵长类动物不同的地方在于，他们不再用双手移动身体、托起重物、在树林里荡来荡去。 no longer 原始人类与其他灵长类动物不同的地方在于，他们不再用双手移动身体、托起重物、在树林里荡来荡去。 双手 in 原始人类与其他灵长类动物不同的地方在于，他们不再用双手移动身体、托起重物、在树林里荡来荡去。 or 托起重物 or 在树林里荡来荡去。 The 黑猩猩's 手 and 脚 are 大小 and 长度, reflecting the 手's 原始人类与其他灵长类动物不同的地方在于，他们不再用双手移动身体、托起重物、在树林里荡来荡去。 for 托起重物 in 指背行走. The 人类的 手 is 比 脚短, with 指（趾）骨更直. 200 万到 300 万年前的 手骨化石, 都无不体现出 this 万年前的手骨化石，都无不体现出手部特征，从移动方式到操作方式，经历了改变。 in 万年前的手骨化石，都无不体现出手部特征，从移动方式到操作方式，经历了改变。 of the 手 from 原始人类与其他灵长类动物不同的地方在于，他们不再用双手移动身体、托起重物、在树林里荡来荡去。 to 操作方式."
93,"Twentieth 世纪的研究 has shown that there are two 库 of genetic 变异: hidden and expressed. 突变 adds new genetic 变异, and 选择 removes it from the 池 of expressed 变异. 分离 and 重组 shuffle 变异 back and forth between the two 库 with each 代.",Twentieth 二十世纪的研究表明，基因变异有两种库：显性和隐性。 突变会添加新的基因变异，而选择则会从表达的基因变异池中把变异移除。 由于分离和重组，变异在每一代的两个库之间来回变动。
94,"Twentieth 世纪的研究 has shown that there are two 库 of genetic 变异: hidden and expressed. 突变 adds new genetic variation, and 选择 removes it from the 池 of expressed variation. 分离 and 重组 shuffle variation back and forth between the two pools with each 代.",Twentieth 二十世纪的研究表明，基因变异有两种库：显性和隐性。 突变会添加新的基因变异，而选择则会从表达的基因变异池中把变异移除。 由于分离和重组，变异在每一代的两个库之间来回变动。
95,"Out on the 热带草原上, it is hard for a 灵长类动物 with a digestive 系统 like that of 人类 to satisfy its 氨基酸 需求 from available 植物 资源. Moreover, 做不到这一点 has serious 后果: 生长抑制, 营养不良, and ultimately 死亡. The most readily accessible 植物性资源 would have been the 蛋白质 accessible in 叶子 and 豆科植物, but these are hard for 灵长类动物 like us to digest unless they are cooked. In 相比之下, 动物性食物 (蚂蚁, 白蚁, 蛋) not only are easily digestible, but they provide 大量 蛋白质 that contain all the essential 氨基酸. All 综上所述, we should not be surprised if our own 祖先 solved their ""蛋白质 问题"" in somewhat the same 方法 that 黑猩猩 on the savanna do 今天.","""Out on the 热带草原, it is hard for a 灵长类动物 with a digestive 系统 like that of 人类 to satisfy its 氨基酸 需求 from available 植物 资源. Moreover, if 做不到这一点将会带来严重的 后果: 生长 抑制, 营养不良, and ultimately 死亡. The most readily accessible 植物 资源 would have been the 蛋白质 accessible in 叶子 and 豆科植物, but these are hard for 灵长类动物 like us to digest unless they are cooked. In 相比之下, 动物性 食物 (蚂蚁, 白蚁, 蛋) not only are easily digestible, but they provide high-数量 蛋白质 that contain all the essential 氨基酸. All things considered, we should not be surprised if our own 祖先 solved their ""蛋白质 问题"" in somewhat the same 方法 that 黑猩猩 on the 热带草原 do 今天."""
96,"Out on the 热带草原上, it is hard for a 灵长类动物 with a digestive 系统 like that of 人类 to satisfy its 氨基酸 需求 from available 植物 资源. Moreover, 做不到这一点 has serious 后果: 生长抑制, 营养不良, and ultimately 死亡. The most readily accessible 植物性资源 would have been the 蛋白质 accessible in 叶子 and 豆科植物, but these are hard for 灵长类动物 like us to digest unless they are cooked. In 相比之下, 动物性食物 (蚂蚁, 白蚁, 蛋) not only are easily digestible, but they provide 大量 蛋白质 that contain all the essential 氨基酸. All things considered, we should not be surprised if our own 祖先 solved their ""蛋白质 问题"" in somewhat the same 方法 that 黑猩猩 on the savanna do 今天.","""Out on the 热带草原, it is hard for a 灵长类动物 with a digestive 系统 like that of 人类 to satisfy its 氨基酸 需求 from available 植物 资源. Moreover, failure to do so has serious 后果: 生长 抑制, 营养不良, and ultimately 死亡. The most readily accessible 植物 资源 would have been the 蛋白质 accessible in 叶子 and 豆科植物, but these are hard for 灵长类动物 like us to digest unless they are cooked. In 相比之下, 动物 食物 (蚂蚁, 白蚁, 蛋) not only are easily digestible, but they provide high-数量 蛋白质 that contain all the essential 氨基酸. All 综上所述, we should not be surprised if our own 祖先 solved their ""蛋白质 问题"" in somewhat the same 方法 that 黑猩猩 on the 热带草原 do 如今."""
97,"亚文化 bring together like-minded 个人 who feel neglected by societal 标准 and allow them to develop a 认同感. 亚文化 can be distinctive because of the 年龄, 种族, 阶级, 位置, and/or 性别 of the 成员. The 特质 that determine a 亚文化 as distinct may be linguistic, aesthetic, religious, political, sexual, geographical, or a 组合 of 因素. 成员 of a subculture often signal their 成员身份 through a distinctive and symbolic 利用 of 风格, which includes 时尚服装, 举止, and 黑话.",亚文化让志同道合的个人团结起来，这些人感到自己被社会标准所忽视，亚文化在他们之间培养出一种认同感。 亚文化可能会各具特色，鉴于成员的年龄、种族、阶级、位置以及/或性别差异。 让亚文化变得与众不同的特质，可能是语言、美学、宗教、政治、性别、地理或多种因素的组合。 亚文化群体的成员，常常会象征性地利用独特的行事风格来表明他们的成员身份，包括时尚服装、举止和黑话。
98,"孩子 develop an 意识到 种族 and racial 刻板印象 quite young and these racial 刻板印象 affect 行为. For 例如, 孩子 who identify with a racial 少数族裔 that is stereotyped as not doing well in 学校 tend to not do well in 学校 once they learn about the 模式化观念 associated with their race.",孩子还小的时候，就能意识到种族和种族刻板印象，这些种族刻板印象会影响其行为。 例如，如果人们模式化地认为某个少数族裔的孩子在学校表现不好，那么这些孩子一旦了解了关于自己族裔的模式化观念，他们在学校往往就有不好的表现。
99,"孩子 develop an 意识到 种族 and racial 刻板印象 quite young and these racial 刻板印象 affect 行为. For 例如, 孩子 who identify with a racial 少数族裔 that is stereotyped as not doing well in 学校 tend to not do well in 学校 once they learn about the 模式化观念 associated with their race.",孩子还小的时候，就能意识到种族和种族刻板印象，这些种族刻板印象会影响其行为。 例如，如果人们模式化地认为某个少数族裔的孩子在学校表现不好，那么这些孩子一旦了解了关于自己族裔的模式化观念，他们在学校往往就有不好的表现。
